Name,Address,Lat,Lon,Category,ReviewsVinh Xuong Bakery,"375 S Federal Blvd Unit 112 Southwest Denver, CO 80219",39.7098623,-105.0253537,Vietnamese,47Pho 96,"2990 W Mississippi Ave Southwest Denver, CO 80219",39.696483,-105.024661,Vietnamese,73Pho 95,"1401 S Federal Blvd Southwest Denver, CO 80219",39.6909921,-105.0255329,Vietnamese,640New Saigon Bakery & Deli,"640 S Federal Blvd Southwest Denver, CO 80219",39.7048551,-105.0246953,Vietnamese,59Pho Duy,"945 S Federal Blvd Southwest Denver, CO 80219",39.699516,-105.0255138,Vietnamese,207Manna From Heaven Gourmet Food Truck,"Northwest Denver, CO 80202",39.745948,-104.997272,Vietnamese,30DaLat Vietnamese Cuisine,"940 S Federal Blvd Southwest Denver, CO 80219",39.6995558,-105.0247969,Vietnamese,37Thai Bao Vietnamese Restaurant,"5115 Federal Blvd Northwest Denver, CO 80221",39.7899283,-105.0258701,Vietnamese,72Pho Saigon Vietnamese Noodle Soup & Grill,"12033 N Pecos St Denver, CO 80234",39.9146468,-105.0061327,Vietnamese,31Pho Ta,"2200 W Alameda Ave Ste 38 Southwest Denver, CO 80223",39.7099764,-105.0137401,Vietnamese,62Viet's Restaurant,"333 S Federal Blvd Unit 125 Southwest Denver, CO 80219",39.7106003,-105.0256516,Vietnamese,41Pho 38 and Noodle House,"2915 W 38th Ave Northwest Denver, CO 80211",39.769556,-105.023416,Vietnamese,44Pho-natic,"229 E Colfax Ave Uptown Denver, CO 80203",39.7402029,-104.9840807,Vietnamese,190PHO 1,"1908 E Colfax Ave Northeast Denver, CO 80206",39.7399948,-104.9644725,Vietnamese,44Pho Ok,"890 S Monaco Pkwy Ste 8 Southeast Denver, CO 80224",39.7004235,-104.9127252,Vietnamese,46Pho 79,"781 S Federal Blvd Southwest Denver, CO 80219",39.7026111,-105.0255721,Vietnamese,101Lotus Vegetarian Restaurant,"1015 S Federal Blvd Southwest Denver, CO 80219",39.6980874,-105.0254766,Vietnamese,18Pho N Grill,"16th St and California Northwest Denver, CO 80202",39.74521,-104.9921659,Vietnamese,6Pho 7,"10009 E Hampden Ave Southeast Denver, CO 80231",39.6531181,-104.8716319,Vietnamese,41Vietnamese Cuisine,"4701 Peoria Street Unit 105 Northeast Denver, CO 80239",39.7830602,-104.847761,Vietnamese,26Dong Khanh Restaurant,"333 S Federal Blvd Ste 134 Southwest Denver, CO 80219",39.7106003,-105.0256516,Vietnamese,206Man Wah,"5380 W 44th Ave Denver, CO 80212",39.776267,-105.055226,Vietnamese,26Bones,"701 Grant St Southwest Denver, CO 80203",39.7273931,-104.9837861,Vietnamese,317Pho 87,"7585 E Iliff Ave Denver, CO 80231",39.67523,-104.901227,Vietnamese,52New Saigon Restaurant,"630 S Federal Blvd Southwest Denver, CO 80219",39.705012,-105.024696,Vietnamese,180Pho Le,"1195 S Federal Blvd Southwest Denver, CO 80219",39.695146,-105.025465,Vietnamese,15T-Wa Inn,"555 S Federal Blvd Southwest Denver, CO 80219",39.7065014,-105.0255553,Vietnamese,24Pho Sydneys Deli,"1908 E Colfax Ave Northeast Denver, CO 80206",39.7399948,-104.9644725,Vietnamese,4Pho79 16th Street Mall,"1600 Champa St Ste 200 Northwest Denver, CO 80202",39.7468248,-104.9934071,Vietnamese,58New Orient,"10203 E Iliff Ave Denver, CO 80247",39.675254,-104.868526,Vietnamese,20Doimoi Dumplings,"Northwest Denver, CO 80201",39.75,-104.99,Vietnamese,3Pho Saigon Star,"2045 S University Blvd Southeast Denver, CO 80210",39.679309,-104.9597899,Vietnamese,19Pho 4 Mua Restaurant,"9866 Grant St Denver, CO 80229",39.8768699,-104.9836135,Vietnamese,20Pho Hoa Restaurant,"1036 S Federal Blvd Southwest Denver, CO 80219",39.698062,-105.0245971,Vietnamese,6Golden Pho & Grill,"1036 S Federal Blvd Southwest Denver, CO 80219",39.698062,-105.0245971,Vietnamese,2Pho 66,"7585 E Iliff Ave Denver, CO 80231",39.67523,-104.901227,Vietnamese,9Pho 555,"1098 S Federal Blvd Southwest Denver, CO 80219",39.6970887,-105.0247088,Vietnamese,62Pho Fusion,"4802 W 38th Ave Northwest Denver, CO 80212",39.7691296,-105.0491094,Vietnamese,78The Asian Cajun,"2400 W Alameda Ave Southwest Denver, CO 80223",39.7109189,-105.016048,Vietnamese,114Thai Hiep Restaurant,"333 S Federal Blvd Southwest Denver, CO 80219",39.7106003,-105.0256516,Vietnamese,1Vietnam Bay,"472 S Federal Blvd Southwest Denver, CO 80219",39.707615,-105.0250523,Vietnamese,3Pho 88,"10250 Federal Blvd Denver, CO 80260",39.882696,-105.023901,Vietnamese,39Pho On 6th,"1312 E Sixth Ave Southeast Denver, CO 80218",39.7255691,-104.9711308,Vietnamese,214Saigon Terrace,"1550 S Colorado Blvd Southeast Denver, CO 80222",39.6884557,-104.9398149,Vietnamese,51Gio Cha Cali,"1008 S Federal Blvd Southwest Denver, CO 80219",39.6983937,-105.0250472,Vietnamese,1V2 Sports Bar & Restaurant,"333 S Federal Blvd Unit 125 Southwest Denver, CO 80219",39.7106003,-105.0256516,Vietnamese,6Can Tho Pho,"1036 S Federal Blvd Southwest Denver, CO 80219",39.698062,-105.0245971,Vietnamese,21Taste of Asia,"7505 E 35th Ave Ste 310 Northeast Denver, CO 80238",39.765381,-104.9024662,Vietnamese,38Pho Sai Gon Le,"8101 E Belleview Ave Southeast Denver, CO 80237",39.6256918,-104.8939098,Vietnamese,1Pho 16th Vietnamese Grill,"538 16th St Mall Ste 1 Northwest Denver, CO 80202",39.744183,-104.9908814,Vietnamese,40Pho Lee,"6860 S Clinton St Greenwood Village, CO 80112",39.5930339,-104.8783223,Vietnamese,101Pho 888 Vietnamese Noodle & Grill,"539 N Sable Blvd Aurora, CO 80011",39.7255482,-104.8195228,Vietnamese,130Pho Cafe,"12405 E Mississippi Ave Ste 200 Aurora, CO 80012",39.696692,-104.844412,Vietnamese,26Kim Ba,"2495 S Havana St Unit F31 Aurora, CO 80014",39.6731069,-104.8666026,Vietnamese,52Pho 95,"6879 S Vine St Ste 714 Centennial, CO 80122",39.5919639,-104.964517,Vietnamese,196Golden Bowl Noodle House,"6500 120th Ave Ste E Broomfield, CO 80020",39.9131976,-105.0686565,Vietnamese,62"Pho Bowlevard, Vietnamese Grill","5950 S Platte Canyon Rd Littleton, CO 80123",39.608583,-105.036921,Vietnamese,42Peking Tokyo Express,"3355 S Wadsworth Blvd Lakewood, CO 80227",39.6552799,-105.0817786,Vietnamese,54Pho 92,"12652 W Ken Caryl Ave Unit C Littleton, CO 80127",39.578826,-105.139184,Vietnamese,21Golden Saigon,"2648 S Parker Rd Aurora, CO 80014",39.668445,-104.8618721,Vietnamese,104Pho 2 Love,"6593 W Colfax Ave Lakewood, CO 80214",39.7403942,-105.0694622,Vietnamese,26Saigon Pho Grill,"7243 Federal Blvd Westminster, CO 80030",39.8280551,-105.0250617,Vietnamese,45Saigon Basil,"10665 Melody Dr Northglenn, CO 80234",39.8902477,-104.9932889,Vietnamese,331 2 3 Pho,"3624 Highlands Ranch Pkwy Ste 201 Highlands Ranch, CO 80126",39.5421197,-104.9472005,Vietnamese,50Pho 78 Restaurant,"7275 W 88th Ave Unit D Broomfield, CO 80021",39.892517,-105.1142011,Vietnamese,49Pho 007,"389 W Littleton Blvd Littleton, CO 80120",39.6132975,-104.9923816,Vietnamese,8Pho Bay,"2851 W 120th Ave Westminster, CO 80234",39.9141844,-105.0228929,Vietnamese,30Top Pho Restaurant,"11697 E Colfax Ave Aurora, CO 80010",39.7405343,-104.852134,Vietnamese,41"Pho Khang - Vietnamese Noodles, Bar and Grill","8283 S Akron St Ste 140 Centennial, CO 80112",39.5666009,-104.8832381,Vietnamese,36Pho Duy,"6600 W 120th Ave Unit B Broomfield, CO 80021",39.9129186,-105.0700575,Vietnamese,164Pho Saigon Basil,"7057 W Alaska Dr Lakewood, CO 80226",39.709232,-105.0741976,Vietnamese,20Saigon Palace,"3495 S Broadway Englewood, CO 80113",39.65332,-104.987939,Vietnamese,27Saigon Dragon Asian Cuisine,"2055 W 136th Ave Unit 154 Broomfield, CO 80023",39.9439927,-105.0129738,Vietnamese,35Sae Jong Kwan,"2680 S Havana St Aurora, CO 80014",39.6679034,-104.864208,Vietnamese,28Long Shots Bar and Grill,"4400 Ward Rd Wheat Ridge, CO 80033",39.7805899,-105.139824,Vietnamese,23Pho Golden,"17211 S Golden Rd Ste 130 Golden, CO 80401",39.739618,-105.1943299,Vietnamese,69Pho Real,"2399 W Main St Littleton, CO 80120",39.6137277,-105.0161763,Vietnamese,32Pho 75 Restaurant,"2050 S Havana St Aurora, CO 80014",39.6794223,-104.8650122,Vietnamese,52Vietnamese Cafe,"3744 E 104th Ave Thornton, CO 80233",39.8834562,-104.9427635,Vietnamese,60Las Tortas,"5307 Leetsdale Dr Southeast Denver, CO 80246",39.7080995,-104.9253765,Mexican,255Las Margs,"1521 Marion St Northeast Denver, CO 80218",39.7405217,-104.9725401,Mexican,73Torta Grill,"1818 E Colfax Ave Northeast Denver, CO 80218",39.7398333,-104.9655284,Mexican,199
Chili Verde,"2311 Federal Blvd Northwest Denver, CO 80211",39.7514749,-105.0254854,Mexican,120
Tacos Selene,"15343 E 6th Ave Ste a Aurora, CO 80011",39.7259391,-104.8097098,Mexican,78
La Casa Alba,"715 Washington Ave Golden, CO 80401",39.759679,-105.2250927,Mexican,28
Tarasco's New Latino Cuisine,"470 S Federal Blvd Southwest Denver, CO 80219",39.7079436,-105.0246273,Mexican,138
D'Corazon,"1530 Blake St Unit C Northwest Denver, CO 80202",39.7499139,-104.999529,Mexican,290
La Fuente Restaurant,"3023 W 44th Ave Northwest Denver, CO 80211",39.7767328,-105.0260513,Mexican,91
North County,"94 Rampart Way Southeast Denver, CO 80230",39.7201277,-104.8980731,Mexican,58
La Casa Del Burrito,"1384 US 287 Broomfield, CO 80020",39.9165481,-105.0856836,Mexican,41
Guadalajara Mexican Restaurant,"2835 W 72nd Ave Westminster, CO 80030",39.827548,-105.021619,Mexican,49
La Calle Taqueria y Carnitas,"1565 W Alameda Ave Southwest Denver, CO 80223",39.711485,-105.010207,Mexican,16
La Abeja,"508 E Colfax Ave Uptown Denver, CO 80203",39.7398548,-104.980819,Mexican,75
Taquería El Trompito,"1540 W 70th Ave Denver, CO 80221",39.8232246,-105.0053342,Mexican,68
Los Carboncitos,"722 Sheridan Blvd Southwest Denver, CO 80214",39.727836,-105.0531308,Mexican,97
Tacos Acapulco,"8890 E Colfax Ave Denver, CO 80220",39.7399391,-104.8848384,Mexican,77
Machete Tequila + Tacos,"1730 Wynkoop St Northwest Denver, CO 80202",39.7532262,-104.9990434,Mexican,74
Pinche Taqueria,"1514 York St City Park Denver, CO 80206",39.740366,-104.9596545,Mexican,523
Adelita's Cocina Y Cantina,"1294 S Broadway Southwest Denver, CO 80210",39.6933113,-104.9871454,Mexican,147
Tacos La Morenita,"15493 E Hampden Ave Aurora, CO 80013",39.6535485,-104.8075973,Mexican,44
Machete Tequila + Tacos,"2817 E 3rd Ave Ste F&G Southeast Denver, CO 80206",39.7271021,-104.9564084,Mexican,242
Los Dos Portrillos,"8251 S Holly St Highlands Ranch, CO 80122",39.5673085,-104.9231646,Mexican,201
Patzcuaro's,"2616 W 32nd Ave Northwest Denver, CO 80211",39.761797,-105.019443,Mexican,257
Moontower Tacos,"609 Grant St Southwest Denver, CO 80203",39.7261071,-104.9837523,Mexican,246
Socorro's,"19 E Bayaud St Southwest Denver, CO 80209",39.714903,-104.9870098,Mexican,83
Los Chingones,"2461 Larimer St Ste 102 Five Points Denver, CO 80205",39.7574371,-104.9868022,Mexican,146
Las Tortugas,"1549 W Alameda Ave Southwest Denver, CO 80223",39.711484,-105.009813,Mexican,31
7 Leguas Mexican Grille,"4550 E Colfax Ave Park Hill Denver, CO 80220",39.7400859,-104.9340431,Mexican,79
Santiago's,"4168 S Broadway Englewood, CO 80110",39.6409459,-104.9874622,Mexican,75
Los Carboncitos,"3757 Pecos St Northwest Denver, CO 80211",39.7691444,-105.0066463,Mexican,161
El Taco De Mexico,"714 Santa Fe Dr Southwest Denver, CO 80204",39.727615,-104.9982856,Mexican,258
Kachina,"10600 Westminster Blvd Westminster, CO 80020",39.8906468,-105.0653234,Mexican,174
Tequila's,"2790 S Havana Ave Southeast Aurora, CO 80014",39.6657745,-104.8660862,Mexican,129
El Chingon Mexican Bistro,"4326 Tennyson St Northwest Denver, CO 80212",39.7758506,-105.0437095,Mexican,76
Sam's No. 3,"1500 Curtis St Northwest Denver, CO 80202",39.7462823,-104.9956923,Mexican,700
La Fogata Mexican Restaurant,"5670 E Evans Ave Southeast Denver, CO 80222",39.678088,-104.921199,Mexican,110
Tequila's,"1535 S Kipling Pkwy Lakewood, CO 80232",39.689681,-105.118779,Mexican,65
La Loma,"2527 W 26th Ave Northwest Denver, CO 80211",39.7550958,-105.0184727,Mexican,411
Little Anita's,"1550 S Colorado Blvd Southeast Denver, CO 80222",39.6884557,-104.9398149,Mexican,148
El Taco Veloz,"400 Federal Blvd Southwest Denver, CO 80204",39.7222295,-105.0247878,Mexican,31
Lola Mexican Fish House,"1575 Boulder St Northwest Denver, CO 80211",39.759242,-105.010975,Mexican,633
Tacos Jalisco Mexican Food,"4309 W 38th Ave Northwest Denver, CO 80212",39.7694737,-105.0431592,Mexican,174
100% de Agave,"975 Lincoln St Southwest Denver, CO 80203",39.7317458,-104.9864512,Mexican,140
Sabor Mexican Grill,"14301 E Cedar Ave Aurora, CO 80012",39.7129717,-104.821114,Mexican,33
La Pasadita Inn,"1959 Park Ave Unit A Curtis Park Denver, CO 80218",39.747345,-104.977716,Mexican,127
Tacos Y Salsas,"9103 E Colfax Ave Aurora, CO 80010",39.7403625,-104.882126,Mexican,72
Yolanda's Tacos,"9612 E Arapahoe Rd Greenwood Village, CO 80112",39.5948456,-104.8776409,Mexican,131
Bonfire Burritos,"17025 S Golden Rd Golden, CO 80401",39.7376062,-105.1919506,Mexican,28
El Camino Community Tavern,"3628 W 32nd Ave Northwest Denver, CO 80211",39.7619597,-105.0353866,Mexican,321
Santiago's,"5701 Leetsdale Dr Southeast Denver, CO 80224",39.7073589,-104.921404,Mexican,137
Yolanda's Tacos on Colorado BLVD,"1699 S. Colorado Blvd. Southeast Denver, CO 80222",39.6859474,-104.9414399,Mexican,69
El Jardin,"6460 E 73rd Ave Commerce City, CO 80022",39.8291232,-104.9126459,Mexican,90
Yareth's,"4403 W 52nd Ave Denver, CO 80212",39.7911945,-105.0437907,Mexican,23
Taqueria La Familia,"2642 W 32nd Ave Northwest Denver, CO 80211",39.7617967,-105.0200573,Mexican,11
La Cocinita Mexican Restaurant,"4935 W 29th Ave Highland Denver, CO 80212",39.7588404,-105.0503016,Mexican,102
Illegal Pete's,"1530 16th St Ste 101 Northwest Denver, CO 80202",39.75087,-104.9999992,Mexican,369
Costa Vida,"101 W Hampden Ave Englewood, CO 80110",39.6533066,-104.9891755,Mexican,29
Leña,"24 Broadway Ste 104 Southwest Denver, CO 80203",39.7171628,-104.9871588,Mexican,73
Illegal Pete's,"5312 DTC Blvd Unit 400 Greenwood Village, CO 80111",39.6192035,-104.8894056,Mexican,94
La Mexicana Taqueria,"2538 W 32nd Ave Ste B Northwest Denver, CO 80211",39.761749,-105.018423,Mexican,70
Juarez Mexican Restaurant,"2932 W 38th Ave Northwest Denver, CO 80211",39.7690824,-105.024406,Mexican,48
Tamayo,"1400 Larimer St Lodo Denver, CO 80202",39.7472953,-104.9995168,Mexican,348
Tacos Y Salsas,"910 S Federal Blvd Southwest Denver, CO 80219",39.6998623,-105.0249474,Mexican,96
Casa Mariachi,"9771 S Parker Rd Parker, CO 80134",39.5391669,-104.7698382,Mexican,103
Las Tortugas,"2251 S Monaco Pkwy Ste 101 Southeast Denver, CO 80222",39.6758682,-104.9130596,Mexican,8
El Chalate,"8119 E Colfax Ave Northeast Denver, CO 80220",39.7403452,-104.8934894,Mexican,42
Las Potrancas,"6610 Wadsworth Blvd Arvada, CO 80003",39.8170779,-105.0809932,Mexican,42
Ana's Mexican Grill,"2821 W 120th Ave Ste 100 Westminster, CO 80234",39.9142294,-105.0213343,Mexican,53
Jalapeños Restaurant,"3120 S Broadway Blvd Englewood, CO 80113",39.6189723,-104.9851893,Mexican,50
Uno Mas Taqueria y Cantina,"1585 S Pearl St Southwest Denver, CO 80210",39.6877787,-104.9806289,Mexican,70
Los Dos Potrillos,"10065 W San Juan Way Littleton, CO 80127",39.5634053,-105.1114739,Mexican,79
La Despensa Latina,"4650 Tower Rd Northeast Denver, CO 80249",39.7812154,-104.7714283,Mexican,13
Paxia - Alta Cocina Mexicana,"4001 Tejon St Northwest Denver, CO 80211",39.7720378,-105.01158,Mexican,170
La Sandia,"8340 Northfield Blvd Unit 1690 Northeast Denver, CO 80238",39.7793625,-104.890945,Mexican,209
Las Caras Mexican Grill,"3333 S Tamarac Dr Ste T Southeast Denver, CO 80231",39.6562234,-104.9009715,Mexican,62
El Sabor Jerezano Restaurant,"10639 Melody Dr Northglenn, CO 80234",39.8894488,-104.9933824,Mexican,30
El Nopalito Mexican Food,"77 W Alameda Ave Southwest Denver, CO 80223",39.711594,-104.9893771,Mexican,42
El Charrito,"2100 Larimer St Five Points Denver, CO 80205",39.7538859,-104.9913451,Mexican,55
Las Tortugas,"712 Peoria St Aurora, CO 80011",39.727353,-104.8447385,Mexican,21
Araujo's Restaurant,"2900 W 26th Ave Northwest Denver, CO 80211",39.754644,-105.023816,Mexican,50
Tia Maria,"7260 Pecos St Denver, CO 80221",39.828609,-105.00547,Mexican,52
Spicy Mexican Grill,"3214 S Wadsworth Blvd Lakewood, CO 80227",39.6578546,-105.0812365,Mexican,23
Las Delicias,"7610 Conifer Rd Denver, CO 80221",39.8349378,-104.9868595,Mexican,60
Sabor Mexican Grill,"12201 E Arapahoe Rd Centennial, CO 80112",39.595821,-104.8466739,Mexican,49
Fritangas,"3090 W Alameda Ave Southwest Denver, CO 80219",39.7108366,-105.026227,Mexican,24
Max's Mexican,"6999 West Colfax Ave Lakewood, CO 80214",39.7406289,-105.0741425,Mexican,30
La Fogata II,"8090 E Quincy Ave Southeast Denver, CO 80237",39.6381155,-104.8953086,Mexican,94
El Rancherito,"195 Federal Blvd Southwest Denver, CO 80219",39.7195766,-105.0253766,Mexican,12
Tacos DF,"2020 S Parker Rd Denver, CO 80231",39.6795177,-104.8756111,Mexican,47
El Dorado Mexican Restaurant,"720 Arapahoe St Golden, CO 80401",39.758653,-105.2263679,Mexican,46
El Noa Noa,"722 Santa Fe Dr Southwest Denver, CO 80204",39.7277616,-104.998351,Mexican,136
Jesus Mexican Taqueria,"1710 S Buckley Rd Unit 4 Aurora, CO 80017",39.6853822,-104.7907817,Mexican,19
El Tejado,"2651 S Broadway Southwest Denver, CO 80210",39.6685548,-104.9878677,Mexican,92
Grey Cactus,"295 S Pennsylvania St Southwest Denver, CO 80209",39.7112475,-104.9816676,Mexican,37
Pinche Taqueria Highland,"3300 W 32nd Ave Northwest Denver, CO 80211",39.7619796,-105.0300844,Mexican,143
Taquería El Trompito,"10021 E Hampden Ave Southeast Denver, CO 80231",39.6533464,-104.8708248,Mexican,37
El Amigo Mexican Restaurant,"16399 S Golden Rd Ste C Golden, CO 80401",39.735446,-105.1835803,Mexican,32
Salsa Brava,"52 W Springer Dr Highlands Ranch, CO 80129",39.5598765,-104.9881217,Mexican,113
Hacienda Colorado,"10500 Bierstadt Way Englewood, CO 80112",39.5439892,-104.8679888,Mexican,189
DaLat Vietnamese Cuisine,"940 S Federal Blvd Southwest Denver, CO 80219",39.6996387,-105.0248063,Vietnamese,43
The Asian Cajun,"2400 W Alameda Ave Southwest Denver, CO 80223",39.7109419,-105.0159726,Vietnamese,164
Wonderbowl,"925 S Federal Southwest Denver, CO 80219",39.6997685,-105.0253891,Vietnamese,8
Century Asian Cafe,"1555 S Havana St Units B & C Aurora, CO 80012",39.6838322,-104.8658355,Vietnamese,17
Pho On 6th,"1312 E 6th Ave Southeast Denver, CO 80218",39.7254951,-104.9708506,Vietnamese,276
Saigon Fusion,"8800 E Hampden Ave Southeast Denver, CO 80231",39.6527724,-104.8862109,Asian Fusion,49
New Saigon Bakery & Deli,"640 S Federal Blvd Southwest Denver, CO 80219",39.7048551,-105.0246953,Vietnamese,91
Pho Vy - Aurora,"6770 S Cornerstar Way Unit A Aurora, CO 80016",39.5931987,-104.8062293,Vietnamese,24
Vietnam Bay,"472 S Federal Blvd Southwest Denver, CO 80219",39.7079117,-105.0249746,Vietnamese,5
Pho 4 Mua Restaurant,"9866 Grant St Denver, CO 80229",39.8758402,-104.982806,Vietnamese,28
Ba Le Sandwiches,"1044 S Federal Blvd Southwest Denver, CO 80219",39.6978069,-105.0249482,Bakeries,127
Golden Scoop,"536 Malley Dr Northglenn, CO 80233",39.9029841,-104.9795329,Vietnamese,13
Kim Ba,"12303 E Mississippi Ave Unit 145 Aurora, CO 80012",39.6974969,-104.8453454,Vietnamese,9
Indochine Cuisine,"19751 E Main St Parker, CO 80138",39.5185062,-104.7604804,Vietnamese,81
Sae Jong Kwan,"2680 S Havana St Aurora, CO 80014",39.6679337,-104.8642414,Vietnamese,37
Denver Pho & Grill,"665 E 70th Ave Unit 2A Denver, CO 80229",39.8244587,-104.9785767,Vietnamese,15
Pho's T-House,"8808 S Colorado Blvd Littleton, CO 80126",39.5561526,-104.9414677,Vietnamese,2
ChoLon Bistro,"1555 Blake St Northwest Denver, CO 80202",39.7505568,-104.9996268,Asian Fusion,475
Baker's Palace,"550 S Federal Blvd Southwest Denver, CO 80219",39.706653,-105.024726,Bakeries,25
Pho 16th Vietnamese Grill,"535 16th St Mall Northwest Denver, CO 80202",39.7541032,-105.0002242,Vietnamese,58
Queen of Sheba,"7225 E Colfax Ave Northeast Denver, CO 80220",39.7404742,-104.9044587,African,174
African Grill & Bar,"18601 Green Valley Ranch Blvd Northeast Denver, CO 80249",39.7846591,-104.7677332,African,80
Abyssinia Ethiopian Restaurant,"4116 E Colfax Ave Park Hill Denver, CO 80220",39.7399872,-104.9391115,African,119
Ethiopian Restaurant,"2816 E Colfax Ave City Park Denver, CO 80206",39.739999,-104.9537029,African,112
Red Sea,"5910 E Colfax Ave Park Hill Denver, CO 80220",39.7399401,-104.9190958,African,43
Axum Restaurant,"5501 E Colfax Ave Park Hill Denver, CO 80220",39.740435,-104.9230819,African,84
Nile Ethiopian Restaurant,"1951 S Havana St Aurora, CO 80014",39.6809014,-104.8661171,African,45
Arada Ethiopian Restaurant,"750 Santa Fe Dr Southwest Denver, CO 80204",39.7282826,-104.9983494,African,67
Elsa's Restaurant & Lounge,"1180 S Parker Rd Denver, CO 80231",39.6953074,-104.895579,African,8
Africana Cafe,"5091 E Colfax Ave Park Hill Denver, CO 80220",39.740398,-104.928876,African,31
Mesob Ethiopian Restaurant,"1422 Poplar St Southeast Denver, CO 80220",39.7392862,-104.9043665,African,7
Meskerem,"1121 S Peoria St Aurora, CO 80012",39.6959495,-104.8476157,African,10
Ifka Cafe,"1535 S Havana St Ste M Aurora, CO 80247",39.6888226,-104.8676171,African,4
Addis Ababa Restaurant,"2222 S Havana St Ste B2 Aurora, CO 80014",39.6759974,-104.8652361,African,11
Eatopia,"1074 S Ironton St Unit I Aurora, CO 80012",39.6971059,-104.8631482,African,3
Sudan Cafe,"10375 E Iliff Ave Denver, CO 80247",39.6748015,-104.867199,African,5
Megenagna Ethiopian Restaurant,"306 S Ironton St Unit C Aurora, CO 80012",39.7106349,-104.8632298,African,6
D-Line Restaurant,"2958 Downing St Denver, CO 80205",39.7592767,-104.9731472,African,1
Lucy Ethiopian Restaurant,"7401 E Colfax Ave Northeast Denver, CO 80220",39.7403631,-104.9020769,African,1
Maandeeq East African Cafe,"1535H S Havana St Aurora, CO 80012",39.6888226,-104.8676171,African,2
Hadnet Cafe,"7031 E Colfax Ave Park Hill Denver, CO 80220",39.7402946,-104.9062398,African,1
Hessini Roots International Cafe,"2044 Clinton St Aurora, CO 80010",39.748242,-104.877255,African,2
Cozy Cafe,"350 Havana St Aurora, CO 80010",39.7209688,-104.8653574,African,3
Horsed,"10200 E Mississippi Ave Denver, CO 80247",39.6961337,-104.8687591,African,1
Primo's Sport Bar & Grill,"1443 Chester St Aurora, CO 80010",39.739088,-104.879103,Senegalese,1
Balageru Restaurant & Bar,"5707 E Colfax Ave Park Hill Denver, CO 80220",39.7404146,-104.9207007,African,1
Eatopia Ethiopia Food & Coffee,"1047 S Ironton Unit 1 Aurora, CO 80012",39.697432,-104.8636336,African,1
Barwaaqo Restaurant,"10200 E Mississippi Ave Ste B Denver, CO 80247",39.6961337,-104.8687591,African,1Zoe Ma Ma,"1625 Wynkoop St Northwest Denver, CO 80202",39.752168,-105.0007202,Chinese,45
Star Thai,"8048 W Jewell Ave Lakewood, CO 80232",39.682126,-105.0856527,Chinese,162
Saigon Bowl,"333 S Federal Blvd Ste 134 Southwest Denver, CO 80219",39.7106003,-105.0256516,Chinese,258
Szechuan Restaurant,"9090 W 6th Ave Denver, CO 80215",39.7247644,-105.0983261,Chinese,97
China Jade,"12203 E Iliff Ave Ste D Aurora, CO 80014",39.6759683,-104.845759,Chinese,151
Star Kitchen,"2917 W Mississippi Ave Ste 5 Southwest Denver, CO 80219",39.6973267,-105.0241825,Chinese,369
Wokano Asian Bistro,"1078 Ogden St Southwest Denver, CO 80218",39.7333488,-104.9752576,Chinese,305
Hong Kong Barbecue,"1048 S Federal Blvd Southwest Denver, CO 80219",39.6977031,-105.024639,Cantonese,71
Hasu Asian Bistro & Sushi,"250 Steele St Ste 104 Southeast Denver, CO 80206",39.7203379,-104.9495146,Chinese,35
Chopstix Asian Grill,"9604 Ralston Rd Arvada, CO 80004",39.803958,-105.1062378,Chinese,74
J's Cafe,"8075 Sheridan Blvd Ste A Arvada, CO 80003",39.844549,-105.0547711,Chinese,38
Sweet Ginger,"2710 E 3rd Ave Southeast Denver, CO 80206",39.7208155,-104.955421,Chinese,148
China Lee,"4662 S Yosemite St Greenwood Village, CO 80111",39.6324569,-104.8843395,Chinese,83
Lao Wang Noodle House,"945 S Federal Blvd Ste D Southwest Denver, CO 80219",39.699516,-105.0255138,Chinese,310
Super Star Asian Cuisine,"2200 W Alameda Ave Ste 34 Southwest Denver, CO 80223",39.7100335,-105.0134662,Chinese,256
JJ Chinese Restaurant,"2500 W Alameda Ave Southwest Denver, CO 80219",39.7109307,-105.0171571,Chinese,96
Golden Plate II,"9880 W Girton Dr Lakewood, CO 80227",39.655074,-105.108373,Chinese,33
New Peking Restaurant,"12601 W Alameda Pkwy Denver, CO 80228",39.70352,-105.139869,Chinese,30
Peking Tokyo Express,"3355 S Wadsworth Blvd Lakewood, CO 80227",39.6554392,-105.0819134,Chinese,67
Pho 38 and Noodle House,"2915 W 38th Ave Northwest Denver, CO 80211",39.7696856,-105.0232643,Chinese,79
Zoe Ma Ma,"1625 Wynkoop St Northwest Denver, CO 80202",39.752168,-105.0007202,Chinese,45New China City,"10300 E Colfax Ave Aurora, CO 80010",39.7396504,-104.8677684,Chinese,14
Shanghai Garden,"2500 E Arapahoe Rd Centennial, CO 80122",39.5950666,-104.9588047,Chinese,59
Golden Shanghai,"1412 S Parker Rd Denver, CO 80231",39.6903212,-104.8906716,Chinese,89
New China Cafe,"609 E Alameda Ave Southwest Denver, CO 80209",39.7112044,-104.9800956,Chinese,61
Yu Hong Chinese Restaurant,"6901 E Colfax Ave Park Hill Denver, CO 80220",39.7403417,-104.9079249,Chinese,43
Spicy Basil,"1 Broadway Southwest Denver, CO 80203",39.7170634,-104.9878785,Chinese,247
China Terrace,"7705 Wadsworth Blvd Ste B Arvada, CO 80003",39.8355003,-105.0825049,Chinese,22
Min-J Asian Cuisine,"6585 Greenwood Plaza Blvd Greenwood Village, CO 80111",39.5972042,-104.8962641,Chinese,41
Little Dragon,"1305 Krameria St Ste G Southeast Denver, CO 80220",39.7369604,-104.9164644,Chinese,71
Asian Spice,"7444 W Chatfield Ave Unit G Littleton, CO 80128",39.5655044,-105.0813578,Chinese,25
Coal Mine Dragon Chinese Bistro,"12482 W Ken Caryl Ave Unit A3 Littleton, CO 80127",39.57903,-105.1359996,Chinese,32
Hoong's Palace,"10333 E Costilla Ave Englewood, CO 80112",39.5936565,-104.8685274,Chinese,136
Ming's Dynasty,"4251 E Mississippi Ave Southeast Glendale, CO 80246",39.6968063,-104.9375858,Chinese,125
Empress of China,"8100 W Crestline Ave Southwest Littleton, CO 80123",39.6178668,-105.0896531,Chinese,25
Sunny Gardens Restaurant,"6460 E Yale Ave Southeast Denver, CO 80222",39.6672033,-104.915638,Chinese,90
Man Wah,"5380 W 44th Ave Denver, CO 80212",39.7763123,-105.055184,Chinese,63
Wan's Mandarin House,"13710 E Quincy Ave Aurora, CO 80015",39.6384104,-104.8283468,Chinese,30
Panda One,"3712 S Broadway Englewood, CO 80113",39.6491062,-104.9874988,Chinese,16
Asia Cafe,"596 Dayton St Aurora, CO 80230",39.7255023,-104.8753447,Chinese,16
He-Xing Garden,"1535 S Kipling Pkwy Lakewood, CO 80232",39.689681,-105.118779,Chinese,57
East Cafe,"15140 E Mississippi Ave Aurora, CO 80012",39.696281,-104.812025,Chinese,73
Golden Village Restaurant,"910 S Monaco Pkwy Southeast Denver, CO 80224",39.700176,-104.9127221,Chinese,7
H & G Asian Cafe,"7939 E Arapahoe Rd Ste 170 Greenwood Village, CO 80112",39.5964425,-104.8979551,Chinese,45
Heaven Dragon Chinese Restaurant,"16255 W 64th Ave Arvada, CO 80007",39.8136819,-105.1823827,Chinese,39
Saigon Dragon Asian Cuisine,"2055 W 136th Ave Unit 154 Broomfield, CO 80023",39.9442574,-105.0119831,Chinese,55
Peking Garden,"15750 S Golden Rd Ste A Golden, CO 80401",39.733536,-105.176715,Chinese,8
Imperial Dragon Chinese Restaurant,"1232 S Sheridan Blvd Denver, CO 80232",39.6944029,-105.0530723,Chinese,21
New China Restaurant,"3890 Kipling St Wheat Ridge, CO 80033",39.7702362,-105.108778,Chinese,19
Peter's Chinese Cafe,"2609 E 12th Ave Southeast Denver, CO 80206",39.7353837,-104.956056,Chinese,127
Great Wall Chinese Restaurant,"440 E Colfax Ave Uptown Denver, CO 80203",39.7398113,-104.9812702,Chinese,126
Hong Fu Chinese Restaurant,"9027 Harlan St Westminster, CO 80031",39.859501,-105.0639479,Chinese,39
Lotus Chinese Restaurant,"1261 W 84th Ave Denver, CO 80260",39.849395,-105.0017302,Chinese,26
New Panda Chinese Restaurant,"17732 S Golden Rd Golden, CO 80401",39.7414822,-105.1999876,Chinese,30
Lu House,"2098 Youngfield St Lakewood, CO 80215",39.7483276,-105.1419858,Chinese,24
Golden Wok,"15282 E Hampden Ave Aurora, CO 80014",39.652924,-104.8102085,Chinese,41
Uncle Joe's A Hong Kong Bistro,"891 14th St Northwest Denver, CO 80202",39.744751,-104.9957854,Chinese,28
Lucky China,"2000 S Havana St Aurora, CO 80014",39.6798603,-104.8650019,Chinese,37
Imperial Chinese,"431 S Broadway Southwest Denver, CO 80209",39.7091745,-104.9880332,Chinese,103
Grand China,"2200 E Colfax Ave City Park Denver, CO 80206",39.7396768,-104.9605323,Chinese,55
Yong Gung - Dragon Palace,"2040 S Havana St Aurora, CO 80014",39.6796054,-104.8650302,Chinese,24
101 Asian Fusion,"101 Madison St Southeast Denver, CO 80206",39.717981,-104.946513,Chinese,53
Crazy Asian Express,"4701 Peoria St Ste 112 Northeast Denver, CO 80239",39.7830602,-104.847761,Chinese,23
Heaven Dragon,"3730 E 120th Ave Thornton, CO 80233",39.9136848,-104.9450397,Chinese,82
Hoong Gate,"320 N Broadway Ste C Southwest Denver, CO 80203",39.7214236,-104.9870303,Chinese,56
Tasty Garden,"420 E 120th Ave Ste B5 Northglenn, CO 80233",39.9127995,-104.9819518,Chinese,36
Egg Roll King,"7142 E County Line Rd Highlands Ranch, CO 80126",39.5649059,-104.9057975,Chinese,35
Bistro King,"3542 S Fox St Englewood, CO 80110",39.6520755,-104.9944742,Chinese,46
New Dragon Restaurant,"3698 W 44th Ave Unit B Northwest Denver, CO 80211",39.7756275,-105.0357739,Chinese,25
Heaven Dragon,"1100 US Hwy 287 Ste 1000 Broomfield, CO 80020",39.931937,-105.089033,Chinese,22
United Chinese Restaurant,"12161 Sheridan Blvd Broomfield, CO 80020",39.9169563,-105.0536668,Chinese,39
Asian Chefs,"10053 W Chatfield Ave Littleton, CO 80127",39.570034,-105.110788,Chinese,30
Formosa Garden,"16645 E Smoky Hill Rd Aurora, CO 80015",39.6274422,-104.7948575,Chinese,19
Shanghai Kitchen,"4940 S Yosemite Ste E8 Englewood, CO 80111",39.6248816,-104.8834495,Chinese,48
Fortune City,"1939 S Wadsworth Blvd Lakewood, CO 80227",39.6802671,-105.0816803,Chinese,24
1.25 & Up A Scoop Chinese Restaurant,"10255 N Washington St Thornton, CO 80229",39.8821428,-104.9778164,Chinese,22
Masa Asian Kitchen,"1935 Federal Blvd Northwest Denver, CO 80204",39.7470339,-105.0256255,Chinese,91
United Chinese Restaurant,"4150 E 128th Ave Thornton, CO 80241",39.927873,-104.938681,Chinese,59
New Peach Garden Chinese Restaurant,"1111 Washington Ave Ste 10 Golden, CO 80401",39.7560986,-105.2213515,Chinese,24
Golden City Chinese Restaurant,"2120 Ford St Golden, CO 80401",39.7484571,-105.2120903,Chinese,40
Golden Phoenix,"15181 E Hampden Ave Aurora, CO 80014",39.6532486,-104.8112494,Chinese,31
Cafe Ambrosia,"20981 E Smoky Hill Rd Ste D Aurora, CO 80015",39.6085478,-104.7424543,Chinese,38
China Taipei,"8100 S Quebec St Ste B14 Centennial, CO 80112",39.5685128,-104.9029427,Chinese,57
Li's Chinese Restaurant,"11187 Sheridan Blvd Westminster, CO 80020",39.8987574,-105.0537296,Chinese,45
Tea Garden,"10290 Ralston Rd Arvada, CO 80004",39.8102139,-105.1128377,Chinese,24
JJ's Bistro,"1255 19th St Northwest Denver, CO 80202",39.7521299,-104.9929679,Chinese,86
Tea Station,"545 N Sable Blvd Aurora, CO 80011",39.7255532,-104.819522,Chinese,35
Treasure Pot,"9405 W 58th Ave Arvada, CO 80002",39.8020902,-105.1024819,Chinese,27
Y & J Asian Cuisine,"5020 W 92nd Ave Westminster, CO 80031",39.8630293,-105.0507774,Chinese,22
Thousand Wok,"3041 W 92nd Ave Westminster, CO 80031",39.8638626,-105.0258949,Chinese,16
Fushing Chinese Restaurant,"1024 W 104th Avenue Northglenn, CO 80234",39.8849958,-104.9991805,Chinese,11
Crystal Island Chinese Restaurant,"3901 E 112th Ave Ste K Thornton, CO 80233",39.899818,-104.941164,Chinese,26
East China,"15510 E Centretech Pkwy Aurora, CO 80011",39.7244236,-104.8085492,Chinese,16
Greatwall Chinese Restaurant,"1591 Bridge St Brighton, CO 80601",39.9877799,-104.8021137,Chinese,20
135 Chinese Restaurant,"1475 S Sheridan Blvd Lakewood, CO 80219",39.6900848,-105.053362,Chinese,5
New Dynasty,"16522 Keystone Blvd Parker, CO 80134",39.5320247,-104.7971212,Chinese,23
Sunflower Asian Cafe,"91 W Mineral Ave Littleton, CO 80120",39.574479,-104.9890431,Chinese,44
285 Landing Asian Bistro,"3650 S Wadsworth Blvd Lakewood, CO 80235",39.649217,-105.0805644,Chinese,27
Little Panda,"18121 E Hampden Ave Unit D Aurora, CO 80013",39.654777,-104.777374,Chinese,39
Johnny's Asian Bistro,"10471 S Parker Rd Ste 3C Parker, CO 80134",39.526319,-104.7673222,Chinese,59
Little Basil Asian Grill,"7923 S Broadway Littleton, CO 80122",39.5721426,-104.9906733,Chinese,52
Kazoku Sushi,"10665 W Colfax Ave Lakewood, CO 80215",39.7403318,-105.1187101,Japanese,168
Sakana,"7520 Sheridan Blvd Westminster, CO 80003",39.8329909,-105.0531386,Japanese,78
Mt Fuji,"12322 W 64th Ave Arvada, CO 80004",39.8125848,-105.1364736,Japanese,37
Domo Restaurant,"1365 Osage St Southwest Denver, CO 80204",39.7382403,-105.0055988,Japanese,495
Aoba Sushi,"1520 Blake St Lodo Denver, CO 80202",39.7497602,-104.9996656,Japanese,255
Izakaya Den,"1487 S Pearl St Southwest Denver, CO 80210",39.6895855,-104.9807808,Japanese,106
Sushi Den,"1487 S Pearl St Southwest Denver, CO 80210",39.6895855,-104.9807808,Japanese,799
Okinawa Japanese Restaurants,"3927 Tennyson St Northwest Denver, CO 80212",39.7716718,-105.0443273,Japanese,87
Miyabi Jr. Express Colorado,"7400 E Hampden Ave Ste C6 Southeast Denver, CO 80231",39.652104,-104.9016528,Japanese,41
Sakura,"7555 E Arapahoe Rd Ste 5 Englewood, CO 80112",39.5957942,-104.9013295,Japanese,73
Hana Matsuri Sushi,"2821 W 120th Ave Ste 300 Westminster, CO 80234",39.9142294,-105.0213343,Japanese,261
Uncle,"2215 W 32nd Ave Northwest Denver, CO 80211",39.7622285,-105.0132273,Japanese,394
Kobe An Shabu Shabu,"3400 Osage St Northwest Denver, CO 80211",39.7646065,-105.0051175,Japanese,66
Osaka Sushi,"3940 E Exposition Ave Southeast Denver, CO 80209",39.7037355,-104.9430162,Japanese,166
Namiko's,"7310 W 52nd Ave Ste R Arvada, CO 80002",39.7907906,-105.0775485,Japanese,146
Land of Sushi,"2412 E Arapahoe Rd Centennial, CO 80122",39.5942237,-104.9588397,Japanese,158
Sushi Mango,"3624 Highlands Ranch Pkwy Ste 203 Highlands Ranch, CO 80126",39.5421197,-104.9472005,Japanese,81
Tokio,"2907 Huron St Unit 103 Five Points Denver, CO 80202",39.7586145,-104.9974318,Japanese,104
Katsu Ramen,"1930 S Havana St Unit 4 Aurora, CO 80014",39.6812476,-104.8653181,Japanese,109
Sushi Bay 17,"1728 E 17th Ave Northeast Denver, CO 80218",39.7430051,-104.966527,Japanese,126
Hana Japanese Bistro,"1148 W Dillon Rd Unit 6 Louisville, CO 80027",39.9613122,-105.1667665,Japanese,92
Okinawa Sushi,"12652 W Ken Caryl Ste E Littleton, CO 80127",39.5789294,-105.1392409,Japanese,80
Sushi Katsu,"2222 S Havana St Ste H Aurora, CO 80014",39.6759974,-104.8652361,Japanese,352
Sakura House,"1255 19th St Ste A Northwest Denver, CO 80202",39.7521299,-104.9929679,Japanese,56
Kikis Japanese Casual Dining,"2440 S Colorado Blvd Southeast Denver, CO 80222",39.6728844,-104.9405079,Japanese,166
Sushi Kazu,"12201 E Arapahoe Rd Centennial, CO 80112",39.595821,-104.8466739,Japanese,80
Japon Sushi & Sake Bar,"4880 W 120th Ave Ste  200 Westminster, CO 80020",39.9140513,-105.0471027,Japanese,54
Soko Sushi & Saki Bar,"1600 Champa St Ste 110 Northwest Denver, CO 80202",39.746498,-104.993246,Japanese,34
Sushi North,"12010 Melody  Dr Westminster, CO 80234",39.9145923,-104.9936425,Japanese,44
Fontana Sushi,"19741 E Smoky Hill Rd Unit B Centennial, CO 80015",39.6149122,-104.7571331,Japanese,59
Go Fish,"2055 W 136th Ave Ste B106 Broomfield, CO 80023",39.9442574,-105.0119831,Japanese,27
Sushi Yoshi,"406 Center Dr Ut D Superior, CO 80027",39.9527634,-105.1685977,Japanese,73
Chicken Teriyaki,"6603 Leetsdale Dr Unit B Southeast Denver, CO 80224",39.702805,-104.911861,Japanese,32
Blue Sushi Sake Grill,"1616 16th St Northwest Denver, CO 80202",39.7514912,-105.0005596,Japanese,311
Kurosawa Asian Bistro,"17002 E Main St Unit A Parker, CO 80134",39.5143979,-104.7921572,Japanese,84
Mt Fuji Hibachi & Sushi Bar,"601 Grant St Southwest Denver, CO 80203",39.7256442,-104.9836552,Japanese,167
Sakura Hibachi & Sushi,"7600 W Quincy Ave Southwest Littleton, CO 80123",39.6382966,-105.0824098,Japanese,37
Go Fish,"1 Broadway Southwest Denver, CO 80203",39.7170634,-104.9878785,Japanese,337
Sushi Sasa,"2401 15th St Ste 80 Northwest Denver, CO 80202",39.7568872,-105.0091531,Japanese,544
Taigun Japanese Restaurant,"535 Zang St Broomfield, CO 80021",39.9276539,-105.133826,Japanese,73
Kokoro,"2390 S Colorado Blvd Southeast Denver, CO 80222",39.673504,-104.9397482,Japanese,105
Sushi Uokura Restaurant,"815 Nile Ct Golden, CO 80401",39.7295305,-105.1781977,Japanese,77
Hana Sushi,"16911 E Quincy Ave Aurora, CO 80015",39.6402092,-104.790817,Japanese,87
Kokoro,"5535 Wadsworth Blvd Arvada, CO 80002",39.792533,-105.0808115,Japanese,78
Kyoto Teriyaki,"6050 W 92nd Ave Ste 200 Westminster, CO 80031",39.8625696,-105.0641182,Japanese,14
Tokyo Bowl,"2337 E Evans Ave Southeast Denver, CO 80210",39.6786725,-104.9598247,Japanese,19
Miyama of Colorado,"9101 Kimmer Dr Lone Tree, CO 80124",39.552966,-104.883712,Japanese,78
Wasabi Roll & Go,"2076 S University Blvd Southeast Denver, CO 80210",39.678708,-104.958971,Japanese,22
Sushi Tokoro,"3925 E 120th Ave Denver, CO 80233",39.9155805,-104.9412618,Japanese,44
Fontana Sushi,"8601 W Cross Dr Unit F4 Southwest Littleton, CO 80160",39.6155704,-105.0945416,Japanese,81
Tokyo Teriyaki,"11455 Washington St Ste A Northglenn, CO 80233",39.9045628,-104.9783977,Japanese,15
Sushi Bay,"3877 Tennyson St Northwest Denver, CO 80212",39.7706198,-105.0442438,Japanese,96
Kobe An,"231 Milwaukee St Southeast Denver, CO 80206",39.719957,-104.952527,Japanese,18
Sushi Katsu,"9555 E Arapahoe Rd Greenwood Village, CO 80112",39.5955312,-104.8778436,Japanese,78
Bara Sushi & Thai,"8000 E Belleview Ave Greenwood Village, CO 80111",39.6228487,-104.8959228,Japanese,110
East Moon Asian Bistro & Sushi,"10431 Town Center Dr Ste 101C Westminster, CO 80021",39.8867813,-105.0753976,Japanese,129
Hapa Sushi Grill & Sake Bar,"1514 Blake St Lodo Denver, CO 80202",39.7496791,-104.9998121,Japanese,138
Tengu,"3053 Brighton Blvd Five Points Denver, CO 80216",39.7660135,-104.984427,Japanese,62
Shinjuku Japanese Steak & Seafood House,"14045 E Evans Ave Aurora, CO 80014",39.679905,-104.8263183,Japanese,57
Benihana,"3295 S Tamarac Dr Southeast Denver, CO 80231",39.6561694,-104.8994786,Japanese,110
Junz,"11211 S Dransfeldt Rd Parker, CO 80134",39.512427,-104.770631,Japanese,129
Fujiyama Sushi & Hibachi,"1100 Sgt Jon Stiles Dr Ste 106 Highlands Ranch, CO 80129",39.5489684,-105.0017052,Japanese,66
285 Landing Asian Bistro,"3650 S Wadsworth Blvd Lakewood, CO 80235",39.649217,-105.0805644,Japanese,27
Hiro Japanese Buffet,"2797 S Parker Rd Aurora, CO 80014",39.6659689,-104.8614234,Japanese,66
Obento,"709 16th St Northwest Denver, CO 80202",39.7454702,-104.9923388,Japanese,60
Sushi King,"5935 S Zang St Littleton, CO 80127",39.6081812,-105.1454636,Japanese,21
Mt. Fuji,"10633 Westminster Blvd Westminster, CO 80020",39.8892762,-105.0693662,Japanese,90
Chicken Teriyaki,"2271 S Peoria St Aurora, CO 80014",39.6756372,-104.8483846,Japanese,12
Saigon Tokyo,"700 S Buckley Rd Unit E&F Aurora, CO 80017",39.6937087,-104.7871004,Japanese,25
Udon Kaisha,"191 W South Boulder Rd Lafayette, CO 80026",39.9872072,-105.0914839,Japanese,50
Golden Phoenix,"15181 E Hampden Ave Aurora, CO 80014",39.6532486,-104.8112494,Japanese,31
Sushi Totoro,"4243 S Buckley Rd Aurora, CO 80013",39.6400767,-104.793159,Japanese,17
Wild Basil Thai Restaurant,"247 S Holly St Centennial, CO 80122",39.6415087,-104.922599,Japanese,50
Spicy Thai II,"2235 Oneida St Northeast Denver, CO 80207",39.7503423,-104.9081767,Japanese,116
Sonoda's Sushi and Seafood,"9623 E County Line Rd Ste C Englewood, CO 80112",39.5676494,-104.8746657,Japanese,41
The Happy Sumo,"The Orchard Town Center 14647 Delaware St Westminster, CO 80023",39.9619323,-104.9922136,Japanese,143
Tokyo Joe's,"1116 W Dillon Rd Louisville, CO 80027",39.9616256,-105.1655393,Japanese,15
Sushi Tazu,"300 Fillmore St Southeast Denver, CO 80206",39.7212032,-104.9531466,Japanese,126
Hiroshima Sushi,"W Ken Caryl Ave Littleton, CO 80127",39.5860885,-105.1616764,Japanese,3
Yutaka Japanese Restaurant,"11411 S Twenty Mile Road Suite 105 Parker, CO 80134",39.510321,-104.7680386,Japanese,35
Wasabi,"433 S Teller St Lakewood, CO 80226",39.7085376,-105.0770507,Japanese,187
Tokyo China,"802 S Public Rd Ste D Lafayette, CO 80026",39.9923031,-105.0904395,Japanese,35
H Mart Restaurant,"2751 S Parker Rd Aurora, CO 80014",39.6659244,-104.8633877,Japanese,4
Mt Fuji,"18260 Lincoln Ave Parker, CO 80134",39.5354484,-104.7772787,Japanese,57
Sarku Japan,"14200 E Alameda Ave Unit 2064A Aurora, CO 80012",39.7073224,-104.8228216,Japanese,2
Mr. Sake Sushi & Grill,"1387 E South Boulder Rd Unit G Louisville, CO 80027",39.9875123,-105.123507,Japanese,18
Tokyo Joe's,"145 Union Blvd Lakewood, CO 80226",39.7173881,-105.1336642,Japanese,33
Sushi Train,"3460 S Locust St Southeast Denver, CO 80222",39.654137,-104.914987,Japanese,160
Sushi Yama,"1627 E Colton Rd Superior, CO 80027",39.9290258,-105.1498704,Japanese,36
Uoki,"701 E 6th Ave Southwest Denver, CO 80203",39.7258013,-104.9784977,Japanese,111
Tokyo Joes,"901 W Hampden Ave Englewood, CO 80110",39.6535646,-104.9985963,Japanese,26
Benihana,"515 Zang St Broomfield, CO 80021",39.926969,-105.132972,Japanese,61
Wasabi Sushi Bar,"12073 E Arapahoe Rd Ste 140 Centennial, CO 80112",39.5954659,-104.8487581,Japanese,100
Mt Fuji,"4714 Milestone Ln Castle Rock, CO 80104",39.4090803,-104.8620624,Japanese,48
Noodle Fresh Express,"780 S Colorado Blvd Bldg B Southeast Denver, CO 80246",39.7022938,-104.9394101,Japanese,4
Tokyo Joe's,"1001 16th St Northwest Denver, CO 80203",39.7478393,-104.9949079,Japanese,78
Miyako Ra-men Spot,"2950 S Broadway Ste A2 Englewood, CO 80113",39.6633827,-104.9871708,Japanese,9
Tokyo Joe's,"6775 S Cornerstar Way Aurora, CO 80016",39.5932043,-104.8071254,Japanese,25
Sonoda's Sushi Seafood,"3108 S Parker Rd D1 Aurora, CO 80014",39.6611053,-104.8523661,Japanese,53
Tokyo Joe's,"1005 W 120th Ave Westminster, CO 80234",39.915412,-104.9987332,Japanese,50Zaika Indian Cuisine,"300 Nickel St Ste 19 Broomfield, CO 80020",39.9212071,-105.0870151,Indian,70
Yak and Yeti Restaurant and Brewpub,"7803 Ralston Rd Arvada, CO 80002",39.8022809,-105.0841393,Indian,419
Biju's Little Curry Shop,"1441 26th St Five Points Denver, CO 80205",39.7595251,-104.9865512,Indian,75
Taja Indian,"180 South Union Blvd Lakewood, CO 80228",39.7130402,-105.1327759,Indian,28
Azitra,"535 Zang St Broomfield, CO 80021",39.9276539,-105.133826,Indian,218
Chai & Chai,"12501 E 17th Ave Aurora, CO 80045",39.7439774,-104.8417349,Indian,48
Jewel Of India,"10343 Federal Blvd Unit P Westminster, CO 80260",39.8822782,-105.0262938,Indian,159
Sherpa House,"1518 Washington Ave Golden, CO 80401",39.752255,-105.218831,Indian,306
India's Castle,"9555 E Arapahoe Rd Greenwood Village, CO 80112",39.5955312,-104.8778436,Indian,195
India's Cuisine,"15311 E Alameda Pkwy Aurora, CO 80017",39.708794,-104.8095357,Indian,69
Ambli Gourmet Eatery & Wine,"600 S Holly St Unit 114 Southeast Denver, CO 80246",39.7061623,-104.9214716,Indian,81
Namaste Restaurant,"3355 S Wadsworth Blvd Lakewood, CO 80227",39.6554392,-105.0819134,Indian,73
Namaste India,"5545 Wadsworth Bypass Unit G Arvada, CO 80002",39.7971591,-105.078697,Indian,99
Masalaa,"3140 S Parker Rd Ste 8 Aurora, CO 80014",39.6600832,-104.8484895,Indian,142
Yak and Yeti,"8665 Sheridan Blvd Westminster, CO 80003",39.8549251,-105.0538561,Indian,208
Himalaya House,"11903 W 6th Ave Lakewood, CO 80401",39.7270897,-105.129366,Indian,32
India's Best Restaurant & Bar,"1500 W Littleton Blvd Ste 120 Littleton, CO 80120",39.6116819,-105.0058009,Indian,109
Star of India,"3102 S Parker Rd Ste A-10 Aurora, CO 80014",39.661672,-104.8533719,Indian,129
Little India Restaurant & Bar,"330 E 6th Ave Southwest Denver, CO 80203",39.7254344,-104.9828705,Indian,316
Taz Indian Restaurant,"Highline Village 10731 E Alameda Ave, Unit G Aurora, CO 80012",39.7117521,-104.8630898,Indian,38
India-Nepal Oven,"9126 W Bowles Ave Ste 1B Littleton, CO 80123",39.6090081,-105.1013966,Indian,67
Little India Restaurant & Bar,"425 S Teller St Lakewood, CO 80226",39.7086764,-105.0769631,Indian,141
India Oven,"2890 S Colorado Blvd Ste J Southeast Denver, CO 80222",39.664657,-104.9387249,Indian,133
Little India Restaurant Champa Downtown,"1533 Champa St Northwest Denver, CO 80202",39.746269,-104.994749,Indian,249
Little India Restaurant & Bar,"2390 S Downing St Southeast Denver, CO 80210",39.6733342,-104.9731344,Indian,188
Yak and Yeti Restaurant & Event Center,"9755 E Hampden Ave Southeast Denver, CO 80231",39.6535864,-104.8743879,Indian,69
India's Kitchen,"18701 E Main St Parker, CO 80134",39.5187307,-104.7703576,Indian,101
India's Restaurant,"8921 E Hampden Ave Southeast Denver, CO 80231",39.653548,-104.883261,Indian,152
New Indian Cafe,"6886 S Clinton St Greenwood Village, CO 80112",39.5917898,-104.8786005,Indian,40
India's Clay Oven,"9447 Park Meadows Dr Lone Tree, CO 80124",39.5549756,-104.8795515,Indian,85
Taj Mahal,"1075 E South Boulder Rd Louisville, CO 80027",39.9874752,-105.1298422,Indian,66
Bombay Clay Oven,"165 Steele St Southeast Denver, CO 80206",39.718974,-104.950154,Indian,146
Mini India,"6590 W 120th Ave Ste B-1 Broomfield, CO 80020",39.912959,-105.0692129,Indian,38
India Tavern,"5062 S Syracuse St Southeast Denver, CO 80237",39.6359218,-104.8992736,Indian,104
Khazana,"9234 Parkmeadows Dr Lone Tree, CO 80124",39.554435,-104.8823479,Indian,42
Tocabe,"8181 E Arapahoe Rd Unit C Greenwood Village, CO 80112",39.5957133,-104.8939025,Indian,23
Little India,"E Tennessee Ave Washington Park West Denver, CO 80202",39.6985984,-104.9862377,Indian,4
Royal Clay Oven,"5290 Arapahoe Ave Ste B Boulder, CO 80303",40.0141202,-105.2294725,Indian,45
Gurkhas Curry Kitchen,"4800 Baseline Rd Ste A107 Boulder, CO 80303",39.9980681,-105.2329641,Indian,23
The Taj Restaurant,"3253 S Parker Rd Southeast Denver, CO 80014",39.6588667,-104.8499977,Indian,9
Royal India,"1550 S Colorado Blvd Southeast Denver, CO 80222",39.6884557,-104.9398149,Indian,69
Curry & Hurry Indian Restaurant,"2412 N High St Northeast Columbus, OH 43202",40.0114703,-83.0100305,Indian,43
India Express,"727 Colorado Blvd Southeast Denver, CO 80206",39.7280389,-104.9411818,Indian,112
Curry Express,"Centennial Center 316 McCaslin Blvd Louisville, CO 80027",39.9656876,-105.1621387,Indian,7
Bengal Buffet,"2648 S Parker Rd Ste 11 Aurora, CO 80014",39.6685024,-104.8618409,Indian,36
Taj Palace Food Truck,"1551 Wewatta Northwest Denver, CO 80202",39.7523659,-105.0032014,Indian,3
Taste Of India,"901 S Oneida St Southeast Denver, CO 80224",39.700009,-104.908518,Indian,29
Taja Indian,"575 Lincoln st Southwest Denver, CO 80203",39.7253847,-104.986504,Indian,7
Saucy Bombay,"Republic Plaza Food Court 303 16th St, Ste 004 Northwest Denver, CO 80202",39.7429244,-104.9887057,Indian,31
Gurkhas Restaurant,"6565 Gunpark Drive Suite 190 Boulder, CO 80301",40.0711334,-105.2006747,Indian,59
Mt Everest Cuisine of India and Nepal,"4800 Baseline Rd Ste 107 Boulder, CO 80303",39.9980681,-105.2329641,Indian,6
Delhi Darbar,"1132 W Dillon Rd Louisville, CO 80027",39.9615821,-105.1672133,Indian,2
Paradise Biryani Pointe,"9678 E Arapahoe Rd Greenwood Village, CO 80112",39.5948487,-104.876797,Indian,5
Spice India,"16th St Mall and Market St Lodo Denver, CO 80203",39.7312095,-104.9826965,Indian,1DAE GEE Korean BBQ,"7570 Sheridan Blvd Westminster, CO 80003",39.8334187,-105.0525854,Korean,242
DAE GEE Korean BBQ,"827 Colorado Blvd Southeast Denver, CO 80206",39.729725,-104.9410977,Korean,108
Seoul BBQ,"2080 S Havana St Aurora, CO 80014",39.6787651,-104.8650601,Korean,289
Sakura,"7555 E Arapahoe Rd Ste 5 Englewood, CO 80112",39.5957942,-104.9013295,Korean,73
Wokano Asian Bistro,"1078 Ogden St Southwest Denver, CO 80218",39.7333488,-104.9752576,Korean,305
Tofu House,"2353 S Havana St Unit D1 Aurora, CO 80014",39.6742401,-104.8670215,Korean,25
Seoul Korean BBQ & Sushi,"311 W 104th Ave Northglenn, CO 80234",39.886632,-104.990094,Korean,57
Bop & Gogi Korean Kitchen and Grill,"10639 E Briarwood Ave Ste B 2 Centennial, CO 80112",39.5931949,-104.865463,Korean,77
Yura's Modern Asian Kitchen,"955 Lincoln St Ste 1 Southwest Denver, CO 80203",39.7313958,-104.9865269,Korean,45
E Mart Restaurant,"14301 E Exposition Ave Aurora, CO 80012",39.704498,-104.822006,Korean,11
Uoki,"701 E 6th Ave Southwest Denver, CO 80203",39.7258013,-104.9784977,Korean,111
Funny Plus,"2779 S Parker Rd Aurora, CO 80014",39.6662566,-104.8610771,Korean,20
Yong Gung - Dragon Palace,"2040 S Havana St Aurora, CO 80014",39.6796054,-104.8650302,Korean,24
Silla Restaurant,"3005 S Peoria St Ste F Aurora, CO 80014",39.6611789,-104.8477698,Korean,81
Han Kang Korean Restaurant,"1910 S Havana St Aurora, CO 80014",39.6817618,-104.8654153,Korean,51
Sae Jong Kwan,"2680 S Havana St Aurora, CO 80014",39.6679337,-104.8642414,Korean,37
Oasis Korean Restaurant,"2751 S Parker Rd Aurora, CO 80014",39.6659244,-104.8633877,Korean,3
H Mart Restaurant,"2751 S Parker Rd Aurora, CO 80014",39.6659244,-104.8633877,Korean,4
Kimchi Village Inc,"2648 S Parker Rd Aurora, CO 80014",39.6685024,-104.8618409,Korean,2
Lucky China,"2000 S Havana St Aurora, CO 80014",39.6798603,-104.8650019,Korean,37
Kimono Sushi Bar and Grill,"10981 S Parker Rd Parker, CO 80134",39.5171409,-104.7650423,Korean,38
P & Y Cafe,"2769 S Parker Rd Aurora, CO 80014",39.666323,-104.861138,Korean,50
M Mart,"2000 South Havana Street Aurora, CO 80012",39.6798603,-104.8650019,Korean,8
A+ Food Station,"2751 S Parker Rd Aurora, CO 80014",39.6659244,-104.8633877,Korean,2
Korean BBQ Market Place,"10293 E Iliff Ave Aurora, CO 80247",39.675237,-104.868407,Korean,9
Dah Won Rice Cake,"2222 S Havana St Aurora, CO 80014",39.6759974,-104.8652361,Korean,4
Pho & China,"12033 Pecos St Westminster, CO 80234",39.9148272,-105.0062339,Korean,10
Bureok Restaurant,"2000 S Havana St Aurora, CO 80014",39.6798603,-104.8650019,Korean,1
LE On,"H-Mart 2751 S Parker Rd Aurora, CO 80014",39.6659244,-104.8633877,Korean,2David's Kebab House,"970 S Oneida St Southeast Denver, CO 80224",39.6989307,-104.9073325,Russian,49
European Mart,"5225 Leetsdale Dr Southeast Denver, CO 80246",39.7080979,-104.9264052,Russian,15
Kavkaz Bakery,"10050 Ralston Rd Arvada, CO 80004",39.8086977,-105.1112655,Russian,4
Mirage Steak and Seafood,"13250 E Mississippi Ave Aurora, CO 80012",39.6960642,-104.8355072,Russian,11
Royal Deli,"15413 E Hampden Ave Aurora, CO 80013",39.6532468,-104.808277,Russian,1
Royal International Cuisine,"13736 E Quincy Ave Aurora, CO 80015",39.638412,-104.8278655,Russian,4
Samarkand,"1842 S Parker Rd Denver, CO 80231",39.6835237,-104.8805976,Russian,1
Star Restaurant,"1180 S Parker Rd Denver, CO 80231",39.6953074,-104.895579,Russian,1Work & Class,"2500 Larimer St Ste 101 Five Points Denver, CO 80205",39.7576668,-104.9860966,LatinAmerican,288
Elote's Cafe,"2600 East St Unit G Golden, CO 80401",39.746193,-105.2075781,LatinAmerican,66
Maria Empanada,"1298 S Broadway Ave Southwest Denver, CO 80210",39.7368395,-104.9873693,LatinAmerican,119
El Callejon,"1205 Washington Ave Golden, CO 80403",39.7553084,-105.2209111,LatinAmerican,47
Leña,"24 Broadway Ste 104 Southwest Denver, CO 80203",39.7171628,-104.9871588,LatinAmerican,80
Quiero Arepas,"Southeast Denver, CO 80206",39.7271021,-104.9564084,LatinAmerican,67
Zengo,"1610 Little Raven St Northwest Denver, CO 80202",39.7548604,-105.0041762,LatinAmerican,505
Empanada Express Grill,"4301 W 44th Ave Northwest Denver, CO 80212",39.7768239,-105.0431062,LatinAmerican,84
La Polleria,"7422 S University Blvd Centennial, CO 80122",39.5821338,-104.958964,LatinAmerican,113
El Chalate,"8119 E Colfax Ave Northeast Denver, CO 80220",39.7403452,-104.8934894,LatinAmerican,43
Los Parceros,"5922 E Colfax Ave Park Hill Denver, CO 80220",39.7399262,-104.9188567,LatinAmerican,22
Cebiche Highlands,"2257 W 32nd Ave Northwest Denver, CO 80211",39.7622234,-105.0141966,LatinAmerican,112
Limón,"1618 E 17th Ave Northeast Denver, CO 80218",39.743154,-104.9678837,LatinAmerican,129
Mayan Manjar Yucateco Restaurant,"5209 W Mississippi Ave Lakewood, CO 80226",39.6970048,-105.0541149,LatinAmerican,12
Beso de Arte,"102 Market St Morrison, CO 80465",39.6534076,-105.1895412,LatinAmerican,104
Pupuseria San Salvador,"4385 S Federal Blvd Sheridan, CO 80123",39.6370916,-105.0254712,LatinAmerican,7
La Cocina de Paula,"3325 W Alameda Ave Southwest Denver, CO 80219",39.7114678,-105.0307199,LatinAmerican,11
Las Brisas,"6787 S Clinton St Englewood, CO 80012",39.592981,-104.880777,LatinAmerican,124
Restaurante El Tamarindo,"7700 East Colfax Ave Northeast Denver, CO 80220",39.7398194,-104.8984016,LatinAmerican,8
La Chiva,"Five Points Denver, CO 80205",39.7542755,-104.9797753,LatinAmerican,4
La Guatemalteca,"10329 E Colfax Ave Aurora, CO 80010",39.7403146,-104.8678006,LatinAmerican,3
Lempira Restaurant,"1452 Uinta St Denver, CO 80220",39.7396754,-104.8926245,LatinAmerican,2
Fire + Spice Restaurant,"16455 E 40th Cir Aurora, CO 80011",39.770138,-104.796721,LatinAmerican,9
El Angel Tacos & Pupusas,"3133 N Peoria St Unit 209 Aurora, CO 80010",39.7611012,-104.8470459,LatinAmerican,1
Cafe San Marcos,"9935 E Colfax Avenue Aurora, CO 80010",39.7404439,-104.872459,LatinAmerican,1
Maya Sports Bar And Grill,"455 Havana Street Aurora, CO 80010",39.722242,-104.866547,LatinAmerican,1
Little Anita's Mexican Foods,"6882 S Yosemite St Centennial, CO 80112",39.5918993,-104.8867801,LatinAmerican,1
El Guatemalteca,"1500 W Littleton Blvd Littleton, CO 80120",39.6116819,-105.0058009,LatinAmerican,4
El Jakalito,"2280 S Quebec Street Denver, CO 80231",39.674969,-104.902714,LatinAmerican,4
Julia Blackbird's New Mexican Cafe,"3434 W 32nd Ave Northwest Denver, CO 80211",39.7618899,-105.0331479,LatinAmerican,149
Restaurante Guatemalteco,"7700 E Colfax Ave Northeast Denver, CO 80220",39.7398194,-104.8984016,LatinAmerican,1