Name,Address,Lat,Lon,Category,Reviews
Thuy's Pho House,"112 Madison Ave N Bainbridge Island, WA 98110",47.6251862,-122.5209757,Vietnamese,26
Rose Pho,"19865 1st Ave S Ste 302 Normandy Park, WA 98198",47.4237274,-122.3353261,Vietnamese,159
Long Provincial Vietnamese,"1901 2nd Ave Downtown Seattle, WA 98101",47.6109427,-122.3408038,Vietnamese,528
Green Leaf Vietnamese Restaurant,"418 8th Ave S International District Seattle, WA 98104",47.5985935,-122.3222506,Vietnamese,856
Yeh Yeh's,"14339 NE 20th St Ste D Bellevue, WA 98007",47.6273891,-122.1489339,Vietnamese,227
Pacific Ocean Vietnamese Restaurant,"18126 E Valley Hwy Kent, WA 98032",47.4394282,-122.2206686,Vietnamese,55
Huong Duong,"7136 Martin Luther King Junior Way S Beacon Hill Seattle, WA 98118",47.5377476,-122.2809761,Vietnamese,65
Green Leaf Vietnamese Restaurant,"2800 1st Ave Belltown Seattle, WA 98121",47.6168451,-122.3518938,Vietnamese,210
Pho An,"12526 Lake City Way NE Seattle, WA 98125",47.7201206,-122.2943634,Vietnamese,159
Bamboo,"345 15th Ave E Capitol Hill Seattle, WA 98112",47.6217721,-122.3130155,Vietnamese,120
Tamarind Tree,"1036 S Jackson St Ste A International District Seattle, WA 98104",47.599212,-122.3278253,Vietnamese,872
Asian Flame Bistro,"12752 Aurora Ave N Haller Lake Seattle, WA 98133",47.722062,-122.34458,Vietnamese,39
Hue Ky Mi Gia,"1207 S Jackson St Ste 101 International District Seattle, WA 98144",47.5988709,-122.3163755,Vietnamese,311
Square Lotus,"3540 Factoria Blvd SE Bellevue, WA 98006",47.5793221,-122.1672154,Vietnamese,303
The Monkey Bridge,"1723 NW Market St Ballard Seattle, WA 98107",47.6684099,-122.3798212,Vietnamese,359
Watercress Vietnamese Bistro,"5041 Rainier Ave S Columbia City Seattle, WA 98118",47.5559893,-122.2842903,Vietnamese,52
Mekong Village,"12020 Aurora Ave N Haller Lake Seattle, WA 98133",47.7166898,-122.3443861,Vietnamese,201
Thanh Vi,"4226 University Way NE University District Seattle, WA 98105",47.6591327,-122.3128987,Vietnamese,285
Pho Bac,"1809 Minor Ave Denny Triangle Seattle, WA 98101",47.6084921,-122.336407,Vietnamese,147
Le's Pho Tai,"15210 Aurora Ave N Seattle, WA 98133",47.739473,-122.3440312,Vietnamese,98
Local Pho,"2230 3rd Ave Belltown Seattle, WA 98121",47.6146805,-122.3444413,Vietnamese,176
Banh Mi Unwrapped,"4725 University Way NE University District Seattle, WA 98105",47.6638562,-122.3135354,Vietnamese,115
Plume,"117 Kirkland Ave Ste 117 Kirkland, WA 98033",47.675407,-122.2056113,Vietnamese,119
Pho Viet Anh,"372 Roy St Lower Queen Anne Seattle, WA 98109",47.6256238,-122.349127,Vietnamese,390
Bol Pho Bistro,"918 NE 64th St Roosevelt Seattle, WA 98115",47.6751096,-122.3178529,Vietnamese,116
Pho Aroma,"5605 Delridge Way SW Ste A Cottage Grove Seattle, WA 98106",47.5543465,-122.3652372,Vietnamese,212
Pho Vietnam,"7040 15th Ave NW Phinney Ridge Seattle, WA 98117",47.6807238,-122.3765524,Vietnamese,105
Ben Thanh Restaurant,"2815 S Hanford St Columbia City Seattle, WA 98144",47.5747328,-122.2957606,Vietnamese,84
Pho Ever,"12015 NE 8th St Ste 6 Bellevue, WA 98005",47.6169987,-122.1792886,Vietnamese,101
Yummy Pho Vietnamese Restaurant,"8920 161st Ave NE Redmond, WA 98052",47.6815535,-122.1255024,Vietnamese,190
DM Cafe & Deli,"230 6th Ave N South Lake Union Seattle, WA 98109",47.6207254,-122.3448354,Vietnamese,29
Saigon Boat Café,"2632 Alki Ave SW Alki Seattle, WA 98116",47.5799881,-122.4077068,Vietnamese,88
Vietnam Cafe & Sandwich,"5701 15th Ave NW Ballard Seattle, WA 98107",47.6703625,-122.3764708,Vietnamese,30
Pho Big Bowl,"2248 NW Market St Ballard Seattle, WA 98107",47.6689447,-122.3868535,Vietnamese,243
Yeh Yeh's,"19915 64th Ave W Ste 101 Lynnwood, WA 98036",47.818113,-122.3192028,Vietnamese,320
Curbside,"3 W Nickerson St Queen Anne Seattle, WA 98119",47.6496833,-122.358081,Vietnamese,33
Stateside,"300 E Pike St Ste 1200 First Hill Seattle, WA 98122",47.6141055,-122.3273066,Vietnamese,93
Saigon Sunset,"2832 NE Sunset Blvd Renton, WA 98056",47.5018806,-122.1808332,Vietnamese,99
Red Papaya Ale & Spirits,"530 1st Ave N Lower Queen Anne Seattle, WA 98109",47.6241187,-122.3550511,Vietnamese,140
Thanh Thao Restaurant,"6012 Martin Luther King Jr Way S Hillman City Seattle, WA 98118",47.5477424,-122.2862547,Vietnamese,77
Alicia Fusion Bistro,"200 Lake Washington Blvd Ste B Leschi Seattle, WA 98122",47.6029568,-122.2841571,Vietnamese,25
Pho 99 Authentic Vietnamese,"19828 Aurora Ave N Shoreline, WA 98133",47.7730519,-122.3455298,Vietnamese,149
Pho Liu,"15220 Ambaum Blvd SW Burien, WA 98166",47.46607,-122.344199,Vietnamese,21
Blossom Vegetarian,"305 Burnett Ave S Renton, WA 98057",47.4793721,-122.2084778,Vietnamese,195
Pho Cyclo Café,"500 108th Ave NE Bellevue, WA 98004",47.6149772,-122.1957484,Vietnamese,68
Mai Thai & Pho,"1250 SW 43rd St Ste A Renton, WA 98057",47.4416827,-122.2341848,Vietnamese,75
Rainier Restaurant & BBQ,"6400 Martin Luther King Jr Way S Brighton Seattle, WA 98118",47.545222,-122.28471,Vietnamese,215
Saigon Deli,"4142 Brooklyn Ave NE University District Seattle, WA 98105",47.6581336,-122.3140377,Vietnamese,106
Pho Express & Specialties,"12067 124th Ave NE Kirkland, WA 98034",47.7065819,-122.1757453,Vietnamese,167
Huong Xua,"9629 16th Ave SW White Center Seattle, WA 98106",47.516428,-122.3554687,Vietnamese,27
Watercress Vietnam Kitchen,"89 Kirkland Ave Kirkland, WA 98033",47.675151,-122.206822,Vietnamese,34
Pho La Vang,"217 SW 152nd St Burien, WA 98166",47.4668492,-122.3370728,Vietnamese,63
Pho T-Q Vietnamese Restaurant,"20942 108th Ave SE Kent, WA 98031",47.4142304,-122.1970165,Vietnamese,34
iSandwich Vietnamese Deli,"14705 Aurora Ave N Shoreline, WA 98133",47.7353664,-122.3458513,Vietnamese,95
Pho.com,"22511 Hwy 99 Ste 101 Edmonds, WA 98026",47.7946383,-122.3338434,Vietnamese,76
Tung Kee Mì Gia,"11205 16th Ave SW Shorewood Seattle, WA 98146",47.5025446,-122.3554815,Vietnamese,29
88 Restaurant,"9418 Delridge Way SW Westwood Seattle, WA 98106",47.5237424,-122.3673831,Vietnamese,65
Pho Vina,"17325 140th Ave NE Woodinville, WA 98072",47.7531915,-122.1527264,Vietnamese,89
Pho In & Out,"18437 E Valley Hwy Ste 101 Kent, WA 98032",47.4367323,-122.2252719,Vietnamese,72
Ba Bar,"550 12th Ave Central District Seattle, WA 98122",47.6069531,-122.3165305,Vietnamese,575
Hoang Lan,"7119 Martin Luther King Jr Way S Beacon Hill Seattle, WA 98118",47.5383819,-122.282113,Vietnamese,66
Pho Than Brothers,"2309 N 45th St Wallingford Seattle, WA 98103",47.6611629,-122.3309348,Vietnamese,38
Origin Vietnamese Bistro & Bar,"1333 5th Ave Ste 510 Downtown Seattle, WA 98101",47.6093374,-122.3347554,Vietnamese,86
Pho Ld,"5515 4th Ave S Georgetown Seattle, WA 98108",47.5529354,-122.3298809,Vietnamese,26
Pho Mignon,"12557 116th Ave NE Kirkland, WA 98034",47.7127345,-122.1864958,Vietnamese,131
Fortune Noodle House,"4004 NE 4th St Ste 102 Renton, WA 98056",47.4889562,-122.1654796,Vietnamese,97
Pegasus Pho,"Redmond Town Ctr 16552 NE 74th St Ste C-205 Redmond, WA 98052",47.6701193,-122.118237,Vietnamese,53
Old Saigon Pho Restaurant,"971 Industry Dr Tukwila, WA 98188",47.4491399,-122.248436,Vietnamese,54
Pho Than Brothers,"626 N 34th St Fremont Seattle, WA 98103",47.649899,-122.3502814,Vietnamese,34
Taste of Pho,"20101 44th Ave W Ste E Lynnwood, WA 98036",47.816563,-122.29169,Vietnamese,131
Bella Viet Cafe',"4021 E Madison St Madison Park Seattle, WA 98112",47.6339545,-122.280414,Vietnamese,20
Saigon Deli,"1237 S Jackson St International District Seattle, WA 98144",47.5989286,-122.315445,Vietnamese,388
Bamboo House,"22910 Bothell Everett Hwy Bothell, WA 98021",47.7903058,-122.2194559,Vietnamese,100
Vietnam House,"1038 S Jackson St International District Seattle, WA 98104",47.599212,-122.3278252,Vietnamese,169
Cát Sang,"20512 108th Ave SE Kent, WA 98031",47.4183728,-122.1970176,Vietnamese,96
Pho 99,"9828 15th Ave SW White Center Seattle, WA 98106",47.514639,-122.353393,Vietnamese,58
Kirkland Pho House,"12026 NE 85th St Kirkland, WA 98033",47.680635,-122.1799226,Vietnamese,149
Mi La Cay,"718 Rainier Ave S Central District Seattle, WA 98144",47.59609,-122.3113783,Vietnamese,107
Time 4 Pho,"2812 Thorndyke Ave W Interbay Seattle, WA 98199",47.6448067,-122.3832066,Vietnamese,117
I Love Pho,"7605 SE 27th St Ste 112 Mercer Island, WA 98040",47.5864983,-122.2371919,Vietnamese,84
Pho All Day,"150 105th Ave NE Bellevue, WA 98004",47.6114519,-122.1998535,Vietnamese,124
Pho Vina,"15623 1st Ave S Burien, WA 98148",47.4626699,-122.3344248,Vietnamese,80
Tangerine Tree Vietnamese Restaurant,"1430 Harvard Ave Ste 201 First Hill Seattle, WA 98122",47.6132889,-122.3220893,Vietnamese,99
Monsoon East,"10245 Main St Bellevue, WA 98004",47.6098917,-122.2030573,Vietnamese,325
Moonlight Cafe,"1919 S Jackson St Central District Seattle, WA 98144",47.5989291,-122.3065386,Vietnamese,272
Crazy Pho Cajun,"516 7th Ave S International District Seattle, WA 98104",47.5978459,-122.32338,Vietnamese,55
Pho Cyclo Café,"406 Broadway E Capitol Hill Seattle, WA 98102",47.6220881,-122.320893,Vietnamese,469
108 Restaurant,"18114 E Valley Hwy Kent, WA 98030",47.4405881,-122.2204109,Vietnamese,61
Pho My Loi,"10439 16th Ave SW Ste A White Center Seattle, WA 98146",47.5088328,-122.3556431,Vietnamese,49
Phobulous,"3303 78th Ave SE Mercer Island, WA 98040",47.5801833,-122.2337771,Vietnamese,64
Pho Ba,"415 7th Ave S International District Seattle, WA 98104",47.5986969,-122.3237424,Vietnamese,259
The Thaitan Restaurant,"5258 California Ave SW Fairmount Park Seattle, WA 98136",47.5540143,-122.3866506,Vietnamese,126
Thien Phat,"3330 Rainier Ave S Mount Baker Seattle, WA 98144",47.5732537,-122.2936764,Vietnamese,41
I Love Pho,"3900 Factoria Blvd SE Bellevue, WA 98006",47.5754768,-122.1689375,Vietnamese,180
The Lemongrass,"514 12th Ave Central District Seattle, WA 98122",47.606736,-122.3165,Vietnamese,139
Pho Than Brothers,"8 W Mercer St Lower Queen Anne Seattle, WA 98119",47.624802,-122.3572522,Vietnamese,124
Papaya Vietnamese Cafe,"827 N 10th Pl Ste F Renton, WA 98057",47.4982939,-122.2039768,Vietnamese,238
Lucky's Pho,"3414 Fremont Ave N Fremont Seattle, WA 98103",47.6500624,-122.3494749,Vietnamese,164
Pho World,"17823 108th Ave SE Renton, WA 98055",47.4442946,-122.197009,Vietnamese,115
Pho Bac,"1314 S Jackson St Central District Seattle, WA 98144",47.5993639,-122.3147014,Vietnamese,237
Jebena Cafe,"1510 NE 117th St Seattle, WA 98125",47.7141215,-122.3119119,African,166
Sunset Cafe,"8115 Rainier Ave S Rainier Beach Seattle, WA 98118",47.5298953,-122.270234,African,97
Altaye Ethiopian Restaurant,"8135 Rainier Ave S Rainier Beach Seattle, WA 98118",47.529378,-122.2701914,African,141
Enat Ethiopian Restaurant,"11546 15th Ave NE Seattle, WA 98125",47.713467,-122.3120443,African,118
Cafe Selam,"2715 E Cherry St Ste B Central District Seattle, WA 98122",47.607888,-122.2969263,African,85
Saba Ethiopian Cuisine,"110 12th Ave Central District Seattle, WA 98122",47.6021036,-122.3164828,African,137
Gojo,"13510 Aurora Ave Haller Lake Seattle, WA 98133",47.7272959,-122.3439898,African,111
Chef Cafe,"2200 S Jackson St Atlantic Seattle, WA 98144",47.599482,-122.303065,African,111
Queen Sheba,"916 E John St Capitol Hill Seattle, WA 98102",47.6200878,-122.3201064,African,238
Meskel Ethiopian Restaurant,"2605 E Cherry St Central District Seattle, WA 98122",47.6078115,-122.2985665,African,94
Adey Abeba Ethiopian Restaurant,"2123 E Union St Central District Seattle, WA 98122",47.6127121,-122.3038606,African,39
Tagla Cafe,"4423 Rainier Ave S Columbia City Seattle, WA 98118",47.5635498,-122.2882926,African,74
Cafe Ibex,"3219 Martin Luther King Jr Way S Columbia City Seattle, WA 98144",47.5742916,-122.2973072,African,47
Kezira Eritrean & Ethiopian Restaurant,"5100 Rainier Ave S Columbia City Seattle, WA 98118",47.556109,-122.28318,African,19
Zuma Grocery,"129 NW 85th St Ste A Phinney Ridge Seattle, WA 98117",47.6903981,-122.3593089,African,32
Star Coffee Restaurant,"16005 International Blvd Seatac, WA 98188",47.4594382,-122.2925748,African,15
Assimba Ethiopian Cuisine,"2722 E Cherry St Central District Seattle, WA 98122",47.608173,-122.2967071,African,75
Kaffa Coffee & Wine Bar,"8136 Rainier Ave S Rainier Beach Seattle, WA 98118",47.5299024,-122.2697177,African,6
Shewaber,"1221 S Main St International District Seattle, WA 98144",47.5997059,-122.3161564,African,11
Elu Cafe,"1265 S Main St Central District Seattle, WA 98144",47.5996976,-122.3145011,African,2
Blue Nile Restaurant,"456 12th Ave Central District Seattle, WA 98122",47.6057882,-122.3165602,African,29
Café Soleil,"1400 34th Ave Madrona Seattle, WA 98122",47.6130066,-122.28906,African,44
Zobel,"1219 E Jefferson St Central District Seattle, WA 98122",47.6059721,-122.3159015,African,24
East African Imports & Restaurant,"2301 S Jackson St Ste 204 & 205 Atlantic Seattle, WA 98144",47.5991257,-122.2886495,African,7
Ahadu,"1508 117th NE Seattle, WA 98125",47.7139844,-122.3120264,African,1
Ambassel Ethiopian Restaurant,"1224 E Jefferson St Central District Seattle, WA 98122",47.6063234,-122.3156688,African,12
Dukem Market and Restaurant,"215 SW 152nd St Burien, WA 98166",47.466578,-122.3373383,African,5
Ras Dashen,"2801 E Cherry St Leschi Seattle, WA 98122",47.6077639,-122.2956438,African,37
Agelgil Ethiopian Restaurant,"2800 East Cherry St Madrona Seattle, WA 98122",47.6081759,-122.295864,African,6
Wonder Coffee & Sports Bar,"1800 S Jackson St Central District Seattle, WA 98144",47.599519,-122.3081234,African,21
Fana's Cuisine,"3621 33rd Ave S Mount Baker Seattle, WA 98144",47.57102,-122.2913808,African,11
MESOB At the curb,"Central District Seattle, WA 98122",47.6087583,-122.2964235,African,7
Amy's Merkato,"2922 E Cherry St Madrona Seattle, WA 98122",47.6080093,-122.2941108,African,10
City Cafe & Restaurant,"2814 Mlk Way S Mount Baker Seattle, WA 98144",47.5776776,-122.2958246,African,3
Bantaba African Restaurant,"19417 36th Ave W Lynnwood, WA 98036",47.8225102,-122.2809609,African,33
La Teranga,"4903 1/2 Rainier Ave S Columbia City Seattle, WA 98118",47.5577886,-122.2850285,African,93
Safari Njema Restaurant,"5041 Rainier Ave S Ste 107 Columbia City Seattle, WA 98118",47.5559893,-122.2842903,African,76
Afrikando Banadir,"5212 Rainier Ave S Columbia City Seattle, WA 98118",47.5557498,-122.282907,African,19
Salaama Restaurant,"13820 Tukwila International Blvd Tukwila, WA 98168",47.4790171,-122.2838796,African,39
Juba Restaurant & Cafe,"14223 Tukwila International Blvd Tukwila, WA 98168",47.475813,-122.2835988,African,21
Cederberg Tea House,"1417 Queen Anne Ave N Ste 101 B Queen Anne Seattle, WA 98109",47.6320851,-122.3570667,African,96
Dur Dur Cafe,"2212 E Cherry St Central District Seattle, WA 98122",47.6081881,-122.3030649,African,16
Dahlak Eritrean Cuisine,"2007 S State St Beacon Hill Seattle, WA 98144",47.5875905,-122.3058886,African,54
Kezira Eritrean & Ethiopian Restaurant,"5100 Rainier Ave S Columbia City Seattle, WA 98118",47.556109,-122.28318,African,19
Marwa Restaurant,"15035 Tukwila International Blvd Tukwila, WA 98188",47.4682348,-122.2874277,African,13
Indian Ocean Restaurant,"2519 S Jackson St Atlantic Seattle, WA 98144",47.5991045,-122.299091,African,11
On Safari Café,"3317 3rd Ave S Industrial District Seattle, WA 98134",47.5740444,-122.3304512,South African,5
Karama Restaurant,"6727 Martin Luther King Jr Way S Beacon Hill Seattle, WA 98118",47.54157,-122.283898,African,7
Afriq Restaurant & Lounge,"12619 Renton Ave S Seattle, WA 98178",47.4906395,-122.2398451,African,1
Tawakal,"5901 Rainier Ave Hillman City Seattle, WA 98118",47.5496865,-122.2773271,African,1
Malaaya Restaurant,"1106 23rd Ave Central District Seattle, WA 98122",47.61185,-122.3027071,African,1
Kabsa House,"12340 Lake City Way NE Seattle, WA 98125",47.7178806,-122.2959562,African,2
Amin International Market and Deli,"7126 Martin Luther King Jr Way S Ste 105 Brighton Seattle, WA 98118",47.5381191,-122.2809638,African,1
error,error,47.5381191,-122.2809638,error,error
Mojito,"7545 Lake City Way NE Mapleleaf Seattle, WA 98115",47.6843797,-122.316065,Colombian,373
La Isla Cuisine,"2320 NW Market St Ballard Seattle, WA 98107",47.668938,-122.3872148,Latin American,820
The Innkeeper,"2510 1st Ave Belltown Seattle, WA 98121",47.6151587,-122.3489013,Latin American,194
Tropicos Breeze,"9710 Aurora Ave N Lichton Springs Seattle, WA 98103",47.6999872,-122.344513,Mexican,147
La Isla Cuisine,"16505 Redmond Way Ste A Redmond, WA 98052",47.6731723,-122.1204282,Latin American,226
Tiko Riko,"10410 Greenwood Ave N Ste B Greenwood Seattle, WA 98133",47.7048588,-122.3549209,Mexican,132
La Isla Del Mojito,"5300 Rainier Ave S Columbia City Seattle, WA 98118",47.5540099,-122.2802583,Latin American,37
Pimienta Bistro & Bar,"34029 Hoyt Rd SW Ste C Federal Way, WA 98023",47.2963738,-122.3826455,Latin American,95
La Parrilla Mexicana,"626 SW 152nd St Burien, WA 98166",47.4670532,-122.3430481,Latin American,7
Salvadorean Bakery & Restaurant,"1719 SW Roxbury St White Center Seattle, WA 98106",47.5171417,-122.3572661,Mexican,157
Guanaco's Tacos Pupuseria,"4106 Brooklyn Ave NE Ste 102A University District Seattle, WA 98105",47.657144,-122.314045,Mexican,211
Belen Pupuseria,"1833 Auburn Way N Auburn, WA 98002",47.3242811,-122.2227044,Mexican,46
Mission,"2325 California Ave SW Admiral Seattle, WA 98127",47.5822393,-122.3867944,Latin American,236
Sol Food Bar & Grill,"1405 Hewitt Ave Everett, WA 98201",47.979571,-122.210858,Latin American,92
Macchu Picchu Peruvian Restaurant,"15620 Hwy 99 Ste 8 Lynnwood, WA 98087",47.856817,-122.289545,Latin American,11
Mi Bella Honduras Restaurant,"29500 Pacific Hwy  S Federal Way, WA 98003",47.3376823,-122.3115474,Latin American,10
Salva Mex,"15019 Ambaum Blvd SW Burien, WA 98166",47.4679865,-122.3460889,Mexican,7
Sur 16 Restaurant,"340 15th Ave E Ste 201 Capitol Hill Seattle, WA 98112",47.621667,-122.312297,Latin American,42
Wyraqocha Peruvian Kitchen,"110 Central Way Kirkland, WA 98033",47.6766101,-122.20784,Latin American,59
Club Sur,"2901 1st Ave S Industrial District Seattle, WA 98134",47.5775355,-122.334701,Latin American,32
Casco Antiguo,"115 Occidental Ave S Pioneer Square Seattle, WA 98104",47.601176,-122.333272,Mexican,82
Moctezuma's Mexican Restaurant & Tequila Bar,"1150 Southcenter Mall Tukwila, WA 98188",47.457953,-122.2580528,Mexican,255
Tropicos Breeze,"9710 Aurora Ave N Lichton Springs Seattle, WA 98103",47.6999872,-122.344513,Mexican,147
Fonda La Catrina,"5905 Airport Way S Georgetown Seattle, WA 98108",47.5499039,-122.3177959,Mexican,330
Taqueria El Sabor,"15221 Aurora Ave N Shoreline, WA 98133",47.739706,-122.3456917,Mexican,225
Taqueria El Rinconsito,"2255 140th Ave NE Ste A Bellevue, WA 98005",47.630621,-122.15465,Mexican,319
La Carta de Oaxaca,"5431 Ballard Ave NW Ballard Seattle, WA 98107",47.6680532,-122.3858915,Mexican,945
Las Espuelas,"4306 228th St SW Ste 9 Mountlake Terrace, WA 98043",47.7915595,-122.2912836,Mexican,184
Mezcaleria Oaxaca,"2123 Queen Anne Ave N Queen Anne Seattle, WA 98109",47.6378767,-122.3572669,Mexican,232
La Cocina Oaxaquena,"1216 Pine St Capitol Hill Seattle, WA 98101",47.6154864,-122.3282754,Mexican,153
Los Bigotes de Villa,"668 Strander Blvd Tukwila, WA 98188",47.4576244,-122.2447585,Mexican,95
Tacos Chukis,"219 Broadway E Capitol Hill Seattle, WA 98102",47.6205787,-122.3213137,Mexican,492
Restaurante Mexicano La Raza,"6815 196th St SW Ste G Lynnwood, WA 98036",47.8218798,-122.3259797,Mexican,188
Pecado Bueno,"4307 Fremont Ave N Fremont Seattle, WA 98103",47.6592487,-122.3503312,Mexican,341
Fogón Cocina Mexicana,"600 E Pine St Capitol Hill Seattle, WA 98122",47.6154187,-122.3241733,Mexican,393
Taqueria La Estacion,"14820 Ambaum Blvd SW Burien, WA 98166",47.4696205,-122.3462585,Mexican,128
El Borracho,"1521 1st Ave Downtown Seattle, WA 98101",47.6093214,-122.3407154,Mexican,180
Casa Patrón,"805 NE 65th St Roosevelt Seattle, WA 98115",47.6756731,-122.3194878,Mexican,135
El Quetzal,"3209 Beacon Ave S Beacon Hill Seattle, WA 98144",47.5747122,-122.3093485,Mexican,182
Los Agaves,"Pike Place Market 1514 Pike Pl, Ste 7 Downtown Seattle, WA 98101",47.6088367,-122.3419283,Mexican,134
Plaza Garibaldi,"129 1st Ave N Lower Queen Anne Seattle, WA 98109",47.6194455,-122.3556995,Mexican,155
El Burrito Loco,"314 Park Ave N Renton, WA 98057",47.4873721,-122.20189,Mexican,99
Chavez,"1734 12th Ave Capitol Hill Seattle, WA 98122",47.6168384,-122.3168738,Mexican,49
Huarachitos Cocina Mexicana,"4219 S Othello St Brighton Seattle, WA 98118",47.5365644,-122.2804371,Mexican,58
El Ranchon,"3416 W McGraw St Magnolia Seattle, WA 98199",47.6398418,-122.4018696,Mexican,83
Guanaco's Tacos Pupuseria,"4106 Brooklyn Ave NE Ste 102A University District Seattle, WA 98105",47.657144,-122.314045,Mexican,211
Mendoza's Mexican Mercado,"7811 Aurora Ave N Phinney Ridge Seattle, WA 98103",47.6859467,-122.3448023,Mexican,32
Casa Guerrero,"402 164th St SW Ste 105 Lynnwood, WA 98087",47.8494857,-122.2385856,Mexican,154
Señor Moose Café,"5242 Leary Ave NW Ballard Seattle, WA 98107",47.6666359,-122.381635,Mexican,633
Santa Fe Mexican Grill,"12709 NE 124th St Kirkland, WA 98034",47.7098222,-122.1711499,Mexican,181
Cactus Restaurants,"121 Park Ln Kirkland, WA 98033",47.6760135,-122.2058025,Mexican,418
Los Bigotes de Villa,"30420 Pacific Hwy S Ste 3 Federal Way, WA 98003",47.3288012,-122.3120592,Mexican,134
Taqueria La Fondita #2,"9811 15th Ave SW White Center Seattle, WA 98106",47.5153085,-122.3544542,Mexican,163
Cactus Restaurants,"535 Bellevue Sq Bellevue, WA 98004",47.6050328,-122.2013913,Mexican,223
Viva Jalisco Mexican Restaurant,"1715 228th St SE Bothell, WA 98021",47.7915226,-122.2105673,Mexican,139
Cactus Restaurants,"350 Terry Ave N South Lake Union Seattle, WA 98109",47.6214628,-122.3371285,Mexican,331
El Toreador Mexican Restaurant,"7845 Leary Way NE Redmond, WA 98052",47.6736759,-122.1233115,Mexican,159
Cocina Esperanza,"3127 NW 85th St Ballard Seattle, WA 98117",47.6904269,-122.397965,Mexican,87
El Borracho Ballard,"5465 Leary Ave NW Ballard Seattle, WA 98107",47.6683245,-122.3841208,Mexican,109
Mr Villa Mexican Restaurant,"8064 Lake City Way NE Wedgwood Seattle, WA 98115",47.687807,-122.3114774,Mexican,198
5 Hermanos,"3901 NE 4th St Renton, WA 98056",47.4881633,-122.1653068,Mexican,41
El Sombrero Family Mexican Restaurant,"4868 Rainier Ave S Columbia City Seattle, WA 98118",47.5581166,-122.2848631,Mexican,130
La Costa Restaurant,"206 SW 152nd St Burien, WA 98166",47.4675417,-122.336736,Mexican,142
Cactus Restaurants,"4220 E Madison St Madison Park Seattle, WA 98112",47.6361863,-122.277934,Mexican,339
Ooba Tooba Mex Grill,"15802 NE 83rd St Redmond, WA 98052",47.6768588,-122.1300511,Mexican,213
Ooba Tooba Mex Grill,"555 108th Ave NE Bellevue, WA 98004",47.6154892,-122.1966936,Mexican,129
El Camión,"5314 15th Ave NW Ballard Seattle, WA 98107",47.6676083,-122.3755978,Mexican,469
El Camino,"607 N 35th St Fremont Seattle, WA 98103",47.6504649,-122.3509169,Mexican,270
TNT Taqueria,"2114 N 45th St Wallingford Seattle, WA 98103",47.6615108,-122.332926,Mexican,171
Cactus Restaurants,"2820 Alki Ave SW Alki Seattle, WA 98116",47.5782446,-122.4129027,Mexican,441
Josefina's Mexican Grill,"2818 Thorndyke Ave W Magnolia Seattle, WA 98199",47.6448091,-122.3832049,Mexican,89
Taquería Tequila Authentic Mexican Food,"301 NW 85th St Phinney Ridge Seattle, WA 98117",47.6903298,-122.3609284,Mexican,190
La Parrilla Mexicana,"626 SW 152nd St Burien, WA 98166",47.4670532,-122.3430481,Mexican,7
Rancho Bravo Tacos,"211 NE 45th St Wallingford Seattle, WA 98105",47.6611724,-122.3266838,Mexican,366
Gordito's Healthy Mexican Food,"213 N 85th St Phinney Ridge Seattle, WA 98103",47.690418,-122.3559735,Mexican,544
Monarca Express,"8721 Lake City Way NE Mapleleaf Seattle, WA 98115",47.6919878,-122.3066184,Mexican,11
Nana's Family Mexican Kitchen & Cantina,"1825 Queen Anne Ave Queen Anne Seattle, WA 98109",47.635556,-122.3573549,Mexican,82
Red Star Taco Bar,"513 N 36th St Fremont Seattle, WA 98103",47.6513812,-122.3517786,Mexican,81
Casa Rojas Express,"321 High School Rd Ste 4D Bainbridge Island, WA 98110",47.6347855,-122.5174815,Mexican,27
Taqueria El Rinconsito,"15245 International Blvd SeaTac, WA 98188",47.4657484,-122.289705,Mexican,45
El Asador,"3320 Rainier Ave S Mount Baker Seattle, WA 98144",47.5735,-122.293996,Mexican,10
Poquitos,"1000 E Pike St Capitol Hill Seattle, WA 98122",47.614426,-122.319061,Mexican,691
Puerto Vallarta,"8208 NE State Highway 104 Kingston, WA 98346",47.8108217,-122.5391731,Mexican,51
El Chupacabra,"2620 Alki Ave SW Alki Seattle, WA 98116",47.580103,-122.407311,Mexican,169
Taqueria La Pasadita,"2143 N Northgate Way In the 76 Parking Lot Haller Lake Seattle, WA 98133",47.7469282,-122.379356,Mexican,70
Baja Bistro,"2414 Beacon Ave S Beacon Hill Seattle, WA 98144",47.5816275,-122.3141319,Mexican,141
Taqueria El Taco Maestro,"3172 NE Sunset Blvd Renton, WA 98056",47.5045312,-122.1771663,Mexican,60
El Maestro del Taco,"15615 NE 8th St Bellevue, WA 98008",47.6166596,-122.1318854,Mexican,40
Julio's,"10023 NE 183rd St Bothell, WA 98011",47.7605172,-122.2062299,Mexican,115
Pasion Tequila Family Mexican,"19103 Bothell Way NE Bothell, WA 98011",47.7665104,-122.2107033,Mexican,146
Rancho Bravo Tacos,"1001 E Pine St Capitol Hill Seattle, WA 98122",47.615109,-122.3189066,Mexican,602
Peso's Kitchen & Lounge,"605 Queen Anne Ave N Lower Queen Anne Seattle, WA 98109",47.6248878,-122.356922,Mexican,1018
Taqueria Guadalajara,"Hungry Bear Market 2421 148th Ave NE Bellevue, WA 98007",47.631875,-122.143664,Mexican,131
Taqueria El Mezon,"9641 15th Ave SW White Center Seattle, WA 98106",47.516038,-122.354334,Mexican,10
El Chupacabra,"6711 Greenwood Ave N Phinney Ridge Seattle, WA 98103",47.6781409,-122.355682,Mexican,499
Agua Verde Cafe & Paddle Club,"1303 NE Boat St University District Seattle, WA 98105",47.6515761,-122.314368,Mexican,678
El Kiosko,"526 S 2nd St Renton, WA 98057",47.4814167,-122.2093603,Mexican,65
Blue Water Taco Grill,"515 Queen Anne Ave N Lower Queen Anne Seattle, WA 98109",47.6237933,-122.3570157,Mexican,174
Taqueria El Rinconsito,"4619 NE Sunset Blvd Renton, WA 98059",47.5049868,-122.1576797,Mexican,92
Rosita's Mexican Grill,"7210 Woodlawn Ave NE Greenlake Seattle, WA 98115",47.6808516,-122.3246156,Mexican,239
Taqueria El Rinconsito,"15101 Ambaum Blvd SW Burien, WA 98166",47.4674351,-122.3458373,Mexican,90
Tenoch Mexican Grill,"208 5th Ave S International District Seattle, WA 98104",47.600553,-122.3273018,Mexican,64
Puerto Bonito,"630 NW Richmond Beach Rd Shoreline, WA 98177",47.7651126,-122.3646634,Mexican,41
Little Water Cantina,"2865 Eastlake Ave E Eastlake Seattle, WA 98102",47.6472203,-122.3249937,Mexican,275
Taqueria's Los Amigos,"20800 Aurora Ave N Shoreline, WA 98133",47.7777985,-122.3461102,Mexican,33
Tapatio Mexican Grill,"6920 Coal Creek Pkwy SE Newcastle, WA 98059",47.5396967,-122.1645818,Mexican,103
Mi Tierra,"13400 NE 175th St Woodinville, WA 98072",47.7550391,-122.1606059,Mexican,143
The Matador,"2221 NW Market St Ballard Seattle, WA 98107",47.6686652,-122.3857487,Mexican,508
The Saint,"1416 E Olive Way Capitol Hill Seattle, WA 98122",47.6175911,-122.3265902,Mexican,348
Beloved Mexico,"4721 Fauntleroy Way SW Fairmount Park Seattle, WA 98126",47.5606698,-122.381492,Mexican,75
Ooba Tooba Mex Grill,"17302 140th Ave NE Woodinville, WA 98072",47.7531188,-122.1520629,Mexican,88
El Naranjo,"7200 Aurora Ave N Greenlake Seattle, WA 98109",47.681682,-122.3440427,Mexican,29
Pecado Bueno,"4523 California Ave SW Junction Seattle, WA 98116",47.5622053,-122.3872115,Mexican,88
Ooba Tooba Mex Grill,"12821 SE 38th St Bellevue, WA 98006",47.5758603,-122.1681874,Mexican,57
Mission,"2325 California Ave SW Admiral Seattle, WA 98127",47.5822393,-122.3867944,Mexican,236
Mama's Mexican Kitchen,"2234 2nd Ave Belltown Seattle, WA 98121",47.6141439,-122.3451837,Mexican,566
Torero's Mexican Restaurants,"920 N 10th St Ste R Renton, WA 98057",47.4983056,-122.202867,Mexican,101
Casa Rojas Mexican Restaurant and Cantina,"403 Madison Ave N Ste 100 Bainbridge Island, WA 98110",47.6273011,-122.5215371,Mexican,33
Mexico Cantina y Cocina,"Pacific Place Center 600 Pine St, 4th Fl Downtown Seattle, WA 98101",47.6084921,-122.336407,Mexican,297
The Matador,"4546 California Ave SW Junction Seattle, WA 98116",47.561475,-122.386385,Mexican,356
Salvadorean Bakery & Restaurant,"1719 SW Roxbury St White Center Seattle, WA 98106",47.5171417,-122.3572661,Mexican,157
Tropicos Breeze,"9710 Aurora Ave N Lichton Springs Seattle, WA 98103",47.6999872,-122.344513,Mexican,147
Guanaco's Tacos Pupuseria,"4106 Brooklyn Ave NE Ste 102A University District Seattle, WA 98105",47.657144,-122.314045,Mexican,211
Tiko Riko,"10410 Greenwood Ave N Ste B Greenwood Seattle, WA 98133",47.7048588,-122.3549209,Mexican,132
Belen Pupuseria,"1833 Auburn Way N Auburn, WA 98002",47.3242811,-122.2227044,Mexican,46
Mi Chalateca,"33427 Pacific Hwy S Federal Way, WA 98003",47.3017813,-122.3142104,Mexican,32
Salva Mex,"15019 Ambaum Blvd SW Burien, WA 98166",47.4679865,-122.3460889,Mexican,7
Tacos Maria / Tacos Patzcuaro,"8303 Martin Luther King Jr Way S Rainier Beach Seattle, WA 98118",47.5287092,-122.2805825,Mexican,8
El Salvador Pupuseria Tita's,"26026 Pacific Hwy S Kent, WA 98032",47.3683621,-122.3038354,Mexican,9
Nuevo Amanecer Pupuseria,"1519 132nd St SE Ste E Everett, WA 98208",47.8790898,-122.211624,Mexican,2
Dakshin South Indian Bistro,"238 Park Ln Kirkland, WA 98033",47.6765711,-122.2040544,Indian,128
Taste of India,"5517 Roosevelt Way NE University District Seattle, WA 98105",47.6690674,-122.317588,Indian,837
Manraj Palace Cuisine of India,"13003 SE Kent Kangley Rd Ste 115 Kent, WA 98030",47.3573263,-122.1680434,Indian,132
Maharaja Cuisine of India,"4542 California Ave SW Junction Seattle, WA 98116",47.5615943,-122.3865109,Indian,243
Bombay House,"15100 SE 38th St Ste 305A Bellevue, WA 98006",47.5766562,-122.1385228,Indian,103
Annapurna Cafe,"1833 Broadway Capitol Hill Seattle, WA 98122",47.6185548,-122.3211606,Indian,488
Spice Route Cuisine of India,"The Pavillion 403 Madison Ave N Bainbridge Island, WA 98110",47.6273011,-122.5215371,Indian,56
Indian Curry Palace,"17155 Southcenter Pkwy Tukwila, WA 98188",47.4498854,-122.262487,Indian,133
Kanak Cuisine of India,"340 15th Ave Capitol Hill Seattle, WA 98112",47.621667,-122.312297,Indian,58
Saffron Grill,"2132 N Northgate Way Haller Lake Seattle, WA 98133",47.708913,-122.332801,Indian,536
Royal India Cuisine,"7531 196th St SW Lynnwood, WA 98036",47.8217219,-122.3353562,Indian,150
Naan -N- Curry,"709 S 3rd St Renton, WA 98057",47.4794872,-122.2071852,Indian,641
Kastoori Grill,"94 Stewart St Downtown Seattle, WA 98101",47.6101953,-122.3417312,Indian,275
India Bistro,"6417 Roosevelt Way NE Ste 106 Roosevelt Seattle, WA 98115",47.6755764,-122.3175051,Indian,224
Kanishka Cuisine of India,"16651 Redmond Way Redmond, WA 98052",47.6724413,-122.1177661,Indian,311
India Bistro,"2301 NW Market St Ballard Seattle, WA 98107",47.6685132,-122.3863711,Indian,232
Clay Oven,"17311 140th Ave NE Woodinville, WA 98072",47.7532492,-122.1535506,Indian,132
Spice King,"720 Lind Ave SW Ste 102 Renton, WA 98057",47.4730732,-122.2227995,Indian,200
Curries,"507 W Casino Rd Everett, WA 98204",47.9222133,-122.2408982,Indian,139
Chutneys Queen Anne,"519 1st Ave N Lower Queen Anne Seattle, WA 98109",47.6238863,-122.3557863,Indian,181
Travelers Thali House,"2524 Beacon Ave S Beacon Hill Seattle, WA 98144",47.5803541,-122.3127615,Indian,169
Cedars on Brooklyn,"4759 Brooklyn Ave NE University District Seattle, WA 98105",47.664758,-122.314504,Indian,541
Moghul Palace Indian Cuisine,"677 120th Ave NE Ste 7A Bellevue, WA 98005",47.6162158,-122.1806792,Indian,143
Clay Pit,"Mill Creek Town Center 15418 Main St, Ste M 107 Mill Creek, WA 98012",47.8549557,-122.2220055,Indian,408
Far Eats,"2301 5th Ave Ste 101 Belltown Seattle, WA 98121",47.6160651,-122.3435966,Indian,102
East India Grill,"31845 Gateway Center Blvd S Federal Way, WA 98003",47.3169968,-122.2986108,Indian,218
The Guilt Trip,"8440 160th Ave NE Redmond, WA 98052",47.6776507,-122.1271133,Indian,144
Moti Mahal Indian Cuisine,"1520 Broadway Capitol Hill Seattle, WA 98122",47.6146602,-122.3207683,Indian,118
Bengal Tiger Indian Restaurant,"6509 Roosevelt Way NE Roosevelt Seattle, WA 98115",47.6761475,-122.3177437,Indian,318
Tandoozy,"442 N 34th St Fremont Seattle, WA 98103",47.6503336,-122.3538074,Indian,37
Tandoori Hut,"2616 2nd Ave Belltown Seattle, WA 98121",47.6163701,-122.3491633,Indian,167
Roti Indian Cuisine,"530 Queen Anne Ave N Lower Queen Anne Seattle, WA 98109",47.6242344,-122.3563713,Indian,265
Mayuri Indian Cuisine,"15400 NE 20th St Ste 6 Bellevue, WA 98007",47.6286478,-122.1342831,Indian,308
Royal India,"9714 NE Juanita Dr Kirkland, WA 98034",47.7052269,-122.2122307,Indian,123
Taj Palace,"2331 140th Ave NE Bellevue, WA 98005",47.6309898,-122.1541699,Indian,188
Chili's South Indian Restaurant,"5002 University Way NE University District Seattle, WA 98105",47.6650617,-122.3128084,Indian,46
Naanz Kitchen + Bar,"1256 Republican St South Lake Union Seattle, WA 98109",47.6231295,-122.3315464,Indian,35
Moksha,"515 Bellevue Way NE Bellevue, WA 98004",47.6147759,-122.201719,Indian,240
Kalia,"8518 Greenwood Ave N Greenwood Seattle, WA 98103",47.6909467,-122.3549928,Indian,102
Swagat Palace,"4220 University Way NE University District Seattle, WA 98105",47.658966,-122.3129059,Indian,40
India Gate Restaurant,"3080 148th Ave SE Ste 102 Bellevue, WA 98007",47.5810847,-122.1392511,Indian,97
Qazi's Indian Curry House,"473 N 36th St Fremont Seattle, WA 98103",47.6515382,-122.352542,Indian,214
Copper Pot,"102 Main St Edmonds, WA 98020",47.8121066,-122.3823157,Indian,68
Caravan Kebab,"9711 Firdale Ave Edmonds, WA 98020",47.7786745,-122.3627672,Indian,110
New Delhi Palace,"14125 NE 20th St Ste A Bellevue, WA 98007",47.6270517,-122.1515552,Indian,63
Saffron Spice,"93 Pike St Ste 3 Downtown Seattle, WA 98101",47.608632,-122.3401409,Indian,44
Naansense,"South Lake Union Seattle, WA",47.6255703,-122.3343877,Indian,14
Chutney's Bistro,"1815 N 45th St Wallingford Seattle, WA 98103",47.660629,-122.3356995,Indian,180
Masala of India Cuisine,"507 NE Northgate Way Bldg G Northgate Seattle, WA 98125",47.708068,-122.322602,Indian,67
Shalimar,"4214 University Way NE University District Seattle, WA 98105",47.6587544,-122.312989,Indian,216
Mayuri Indian Cuisine,"20611 Bothell Everett Hwy Bothell, WA 98012",47.8107196,-122.2068759,Indian,138
Pabla Indian Cuisine,"364 Renton Ctr Way SW Ste C60 Renton, WA 98057",47.4788883,-122.2177127,Indian,98
Gyros Curry & Kabab,"229-B S 4th Pl Renton, WA 98057",47.4768406,-122.2139405,Indian,40
Pabla India Grill,"16860 Southcenter Pkwy Tukwila, WA 98188",47.4524275,-122.2624371,Indian,53
Garam Masala,"4537 University Way NE University District Seattle, WA 98105",47.6623509,-122.3135472,Indian,175
Curry and Kabab,"24023 104th Ave SE Kent, WA 98031",47.3862592,-122.2022446,Indian,75
India Express,"510 Broadway E Capitol Hill Seattle, WA 98102",47.623499,-122.320648,Indian,130
Jewel of India,"4735 University Way NE University District Seattle, WA 98105",47.6641325,-122.3134237,Indian,194
Best Of India,"16006 International Blvd Seattle, WA 98188",47.4612661,-122.2907774,Indian,59
Little India Express,"430 E 25th St Tacoma, WA 98421",47.2395381,-122.428431,Indian,51
Royal Palace Bar & Grill,"234 Fairview Ave N South Lake Union Seattle, WA 98109",47.620686,-122.333984,Indian,31
Indian Palace,"13330 NE 175th St Woodinville, WA 98072",47.7556472,-122.1613935,Indian,49
Cafe India,"19817 44th Ave W Lynnwood, WA 98036",47.8185463,-122.2918229,Indian,85
Shamiana Restaurant,"10724 NE 68th St Kirkland, WA 98033",47.6667879,-122.1978313,Indian,76
INDIA House,"25410 104th Ave SE Kent, WA 98030",47.3732358,-122.202384,Indian,15
Cedars on Broadway,"500 Broadway First Hill Seattle, WA 98122",47.6063236,-122.3204399,Indian,36
Turmeric 'n More,"Seattle, WA 98133",47.7393027,-122.3435336,Indian,3
Indian Express,"3301 184th St SW Lynnwood, WA 98037",47.8330355,-122.2774059,Indian,9
Chutneys,"938 110th Ave NE Bellevue, WA 98004",47.618725,-122.193135,Indian,165
Kalia Indian Cuisine,"4520 200th St SW Ste 202 Lynnwood, WA 98036",47.8169798,-122.2941959,Indian,81
Kabab House,"13108 NE 70th Pl Kirkland, WA 98033",47.667107,-122.1651276,Indian,44
Oh! India - Fine Indian Cuisine,"15600 NE 8th St Ste O-09 Bellevue, WA 98008",47.6180527,-122.1290419,Indian,127
Gateway To India,"2603 6th Ave Tacoma, WA 98406",47.255651,-122.470559,Indian,178
Chaat House,"14725 NE 20th St Bellevue, WA 98007",47.6275193,-122.1436426,Indian,79
Spice On Curve,"819 Virginia St Unit 2601 Denny Triangle Seattle, WA 98101",47.6084921,-122.336407,Indian,5
Mehak Indian Cuisine,"12327 Roosevelt Way NE Pinehurst Seattle, WA 98125",47.7185886,-122.3185682,Indian,69
Chaat N Roll,"15117 NE 24th St Redmond, WA 98052",47.6314675,-122.1394939,Indian,129
Spice Route,"2241 148th Ave NE Bellevue, WA 98007",47.6305347,-122.1431292,Indian,171
Maharaja,"105 1st Ave S Pioneer Square Seattle, WA 98104",47.6015953,-122.3344915,Indian,97
Pabla Punjabi Cuisine,"999 3rd Ave Ste 9 Downtown Seattle, WA 98104",47.6049806,-122.3339311,Indian,35
Udupi Cafe,"14625 NE 24th St Bellevue, WA 98007",47.6309719,-122.1452395,Indian,105
Bombay Grill,"4737 Roosevelt Way NE University District Seattle, WA 98105",47.6642503,-122.3177228,Indian,169
Tandoor,"5024 University Way NE University District Seattle, WA 98105",47.6656462,-122.3127099,Indian,88
Curry Bistro,"1907 A Hewitt Ave Everett, WA 98201",47.9795271,-122.2038975,Indian,100
Anjappar Chettinad Indian Restaurant,"14625 NE 24th St Bellevue, WA 98007",47.6309719,-122.1452395,Indian,131
Ravi Sweets & Snacks,"23609 104th Ave SE Ste 102 Kent, WA 98031",47.390391,-122.202923,Indian,6
Taj Chaat and Sweets,"2331 140th Ave NE Bellevue, WA 98005",47.6309898,-122.1541699,Indian,8
India Mahal Restaurant,"1905 Bridgeport Way W Ste 110 Tacoma, WA 98466",47.2423628,-122.536285,Indian,44
Masala Express,"3000 184th St SW Lynnwood, WA 98037",47.8299542,-122.2725709,Indian,19
Golden Indian Curry House,"20938 108th Ave SE Kent, WA 98031",47.4142734,-122.1970166,Indian,45
Cafe Zum Zum,"823 3rd Ave Ste 104 Downtown Seattle, WA 98104",47.6045618,-122.3333628,Indian,124
Apna Bazar,"20710 Bothell Everett Hwy Ste 111 Bothell, WA 98012",47.8099127,-122.2089422,Indian,6
Moghul Express,"701 5th Ave Ste 111 Downtown Seattle, WA 98104",47.6048152,-122.3305676,Indian,17
Benson Pizza,"23623 104th Ave SE Kent, WA 98031",47.389568,-122.2030882,Indian,95
International Food Corner,"1424 156th Ave NE Bellevue, WA 98007",47.6225872,-122.1323239,Indian,33
Punjab Sweets,"23617 104th Ave SE Ste C Kent, WA 98031",47.3899919,-122.203119,Indian,98
Ruchi Indian Restaurant,"1360 156th Ave NE Bellevue, WA 98007",47.6223383,-122.1320647,Indian,48
Pabla Punjabi Palace,"15245 International Blvd Ste 205 SeaTac, WA 98188",47.4657484,-122.289705,Indian,19
Can-Am Pizza,"32510 Pacific Hwy S Federal Way, WA 98003",47.3102882,-122.3128068,Indian,12
Kabab Palace,"15230 NE 24th St Ste A Redmond, WA 98052",47.6320168,-122.1362545,Indian,60
Korea House,"20615 Bothell Everett Hwy Bothell, WA 98012",47.8114399,-122.2057381,Korean,77
Stone Korean Restaurant,"16857 Redmond Way Redmond, WA 98052",47.6718198,-122.1146671,Korean,299
Jang Soo Tofu Restaurant,"18230 E Valley Hwy Ste 166 Kent, WA 98032",47.438759,-122.2202549,Korean,182
Umma's Lunch Box,"1301 5th Ave Concourse Downtown Seattle, WA 98101",47.6084921,-122.336407,Korean,134
Tofully,"502 S King St International District Seattle, WA 98104",47.5983647,-122.3275262,Korean,54
GoldinBlack,"621 Queen Anne Ave N Lower Queen Anne Seattle, WA 98109",47.6252493,-122.3570141,Korean,85
Chili & Sesame Korean Kitchen,"2421 2nd Ave Belltown Seattle, WA 98121",47.6152477,-122.3477275,Korean,102
Kimchi House,"5809 24th Ave NW Ballard Seattle, WA 98107",47.6714319,-122.3878628,Korean,100
Chan Seattle,"86 Pine St Downtown Seattle, WA 98101",47.6098148,-122.3412815,Korean,219
Korean Tofu House,"4142 Brooklyn Ave NE University District Seattle, WA 98105",47.6581336,-122.3140377,Korean,405
Hosoonyi Korean Restaurant,"23830 Hwy 99 Ste 114 Edmonds, WA 98026",47.7830909,-122.3445963,Korean,287
Bibimbap,"95 Marion St Downtown Seattle, WA 98104",47.6037825,-122.335753,Korean,49
Kimchi Bistro,"219 Broadway E Capitol Hill Seattle, WA 98102",47.6205787,-122.3213137,Korean,377
Itadakimasu,"4743 Brooklyn Ave NE University District Seattle, WA 98105",47.664347,-122.314511,Korean,209
Sunrice,"3513 NE 45th St Laurelhurst Seattle, WA 98105",47.6608069,-122.2895336,Korean,45
Roaring Bowl,"516 1st Ave N Lower Queen Anne Seattle, WA 98109",47.6238216,-122.3552372,Korean,95
Revel,"403 N 36th St Fremont Seattle, WA 98103",47.6519644,-122.3540569,Korean,804
Seoul Tofu House,"516 6th Ave S International District Seattle, WA 98104",47.5977981,-122.3263485,Korean,53
BlueStone,"1631 E Olive Way Capitol Hill Seattle, WA 98102",47.6193598,-122.3244192,Korean,62
Seoul Garden,"304 105th Ave NE Bellevue, WA 98004",47.6128107,-122.1996875,Korean,86
Kalbi Grill Express,"8202 Greenwood Ave N Phinney Ridge Seattle, WA 98103",47.6885743,-122.3550228,Korean,67
Marination Ma Kai,"1660 Harbor Ave SW Seattle, WA 98126",47.5893899,-122.3806667,Korean,329
Seoul Hot Pot,"2560 152nd Ave NE Redmond, WA 98052",47.6330483,-122.1371508,Korean,248
Haenam Kalbi & Calamari,"15001 Aurora Ave N Shoreline, WA 98133",47.7379128,-122.3456462,Korean,100
Green House Korean Restaurant,"4106 Brooklyn Ave NE University District Seattle, WA 98105",47.657144,-122.314045,Korean,101
Myung-dong Soft Tofu House,"19505 44th Ave W Lynnwood, WA 98036",47.8220327,-122.2919675,Korean,43
Red Lantern,"520 S Jackson St International District Seattle, WA 98104",47.5994166,-122.3266258,Korean,330
Oma Bap,"1223 E Cherry St Unit C121A Central District Seattle, WA 98122",47.6080321,-122.3164869,Korean,45
Marination Station,"1412 Harvard Ave First Hill Seattle, WA 98122",47.6139976,-122.3215247,Korean,422
Sam Oh Jung,"17425 Hwy 99 Lynnwood, WA 98036",47.8404645,-122.2977276,Korean,137
Trove,"500 E Pike St Capitol Hill Seattle, WA 98122",47.614329,-122.325194,Korean,172
Joule,"3506 Stone Way N Wallingford Seattle, WA 98103",47.649592,-122.342244,Korean,399
Traditional Korean Beef Soup,"22929 Hwy 99 Edmonds, WA 98026",47.7911599,-122.3378098,Korean,58
So Moon Nan Jib,"33324 Pacific Hwy S Ste 203 Federal Way, WA 98003",47.3028864,-122.3132772,Korean,71
Cafe Belltown,"2219 2nd Ave Belltown Seattle, WA 98121",47.613514,-122.3452096,Korean,33
Shilla Korean BBQ,"517 S Weller St International District Seattle, WA 98104",47.5973874,-122.3269215,Korean,116
Todamgol,"1120 164th St SW Lynnwood, WA 98087",47.8489507,-122.2486402,Korean,61
Old Village Korean Restaurant,"15200 Aurora Ave N Ste D Shoreline, WA 98133",47.7391935,-122.3447902,Korean,266
Original Sul Lung Tang,"19400 36th Ave W Lynnwood, WA 98036",47.8230817,-122.2818476,Korean,159
Deli Seoul,"2445 4th Ave. S #114 Industrial District Seattle, WA 98134",47.5803838,-122.3297116,Korean,15
Sahm Gook Jih Palace,"21619 Hwy 99 Ste J Lynnwood, WA 98036",47.8026589,-122.3284361,Korean,59
Jong Ga,"2801 Bickford Ave Snohomish, WA 98290",47.9441137,-122.1053332,Korean,27
Seoul Tofu House,"4538 University Way NE University District Seattle, WA 98105",47.662453,-122.312685,Korean,29
Ku Sushi and Izakaya,"5210 University Way NE University District Seattle, WA 98105",47.6665287,-122.3130449,Korean,47
Shilla Restaurant,"2300 8th Ave Denny Triangle Seattle, WA 98121",47.6152474,-122.3497446,Korean,271
The Grill King Korean Cuisine and BBQ,"15740 Aurora Ave N Shoreline, WA 98133",47.7446184,-122.3449233,Korean,107
Red Bowls,"812 3rd Ave Downtown Seattle, WA 98104",47.604627,-122.3330838,Korean,117
Southgate Garden,"3703 150th Ave SE Bellevue, WA 98006",47.5767439,-122.1408116,Korean,133
Teriyaki 1st,"5201 University Way NE Ste B University District Seattle, WA 98105",47.6667264,-122.3135305,Korean,160
Traditional Korean Beef Soup,"31248 Pacific Hwy S Ste E Federal Way, WA 98003",47.3211071,-122.3127641,Korean,68
Pippy's Cafe,"3007 Beacon Ave S Beacon Hill Seattle, WA 98144",47.5766865,-122.3101399,Korean,14
Lee Ga Tofu House Grill,"3411 184th St SW Ste 160 Lynnwood, WA 98037",47.8322892,-122.2792921,Korean,60
Cho Dang Tofu Restaurant,"17424 Hwy 99 Ste 107 Lynnwood, WA 98037",47.8409672,-122.2997353,Korean,49
Babsarang,"Boo Han Market 22618 Hwy 99, Ste 115 Edmonds, WA 98026",47.8369467,-122.3390639,Korean,10
BCD Tofu House,"1414 NE 42nd St Ste 103A University District Seattle, WA 98105",47.6584286,-122.3123432,Korean,34
Youngwol Noodle,"31260 Pacific Hwy S Federal Way, WA 98003",47.3207286,-122.3127434,Korean,23
Sura Korean Barbeque & Traditional Food,"19226 Hwy 99 Lynnwood, WA 98036",47.823989,-122.3132332,Korean,70
Seoul Yang Pyung Restaurant,"18623 Hwy 99 Ste 130 Lynnwood, WA 98037",47.8300735,-122.3058622,Korean,29
Cho Dang Tofu Restaurant,"31829 Gateway Center Blvd S Federal Way, WA 98003",47.3169968,-122.2986108,Korean,95
Hotel Albatross,"2319 NW Market St Ballard Seattle, WA 98107",47.6684728,-122.3872311,Korean,33
Blue Ginger Korean Grill & Sushi,"14045 NE 20th  St Bellevue, WA 98007",47.6275654,-122.1524716,Korean,201
Le Chatel Bakery & Cafe,"1301 5th Ave Downtown Seattle, WA 98101",47.6088409,-122.3344108,Korean,9
SanMaRu Grill,"20109 Aurora Ave N Ste 102 Shoreline, WA 98133",47.7753521,-122.3466616,Korean,60
Gilson Korean Restaurant,"22716 Highway 99 Edmonds, WA 98026",47.7929041,-122.3371936,Korean,34
Kum Kang San BBQ Grill Buffet,"31656 Pacific Hwy S Federal Way, WA 98003",47.3171996,-122.312333,Korean,209
Garden Korean Cuisine,"1636 S 312th St Federal Way, WA 98003",47.3225923,-122.3115349,Korean,38
Palace Korean Bar & Grill,"15932 NE 8th St Bellevue, WA 98008",47.617341,-122.127347,Korean,372
Market Galbee,"1505 Pike Pl Downtown Seattle, WA 98101",47.6086968,-122.3405659,Korean,33
Ka Won Korean Restaurant,"15004 Hwy 99 Ste A Lynnwood, WA 98087",47.862274,-122.284841,Korean,136
BCD Tofu House,"22511 Hwy 99 Edmonds, WA 98026",47.7946383,-122.3338434,Korean,142
Asiana Bistro Teriyaki,"17875 Redmond Way Ste 150 Redmond, WA 98052",47.6672901,-122.102741,Korean,61
New Seoul Restaurant,"14007 Hwy 99 Lynnwood, WA 98087",47.8709554,-122.2744934,Korean,17
Secret Garden Restaurant,"21025 Hwy 99 Lynnwood, WA 98036",47.8079392,-122.3251995,Korean,99
Seoul Restaurant,"33310 Pacific Hwy S Ste 405 Federal Way, WA 98003",47.3030018,-122.3132782,Korean,12
Nara Chinese Restaurant,"15033 Aurora Ave N Shoreline, WA 98133",47.738364,-122.3461811,Korean,46
BBQ Chicken,"4525 University Way NE University District Seattle, WA 98105",47.6620553,-122.3135892,Korean,135
Fish Island,"33120 Pacific Hwy S Ste 4 Federal Way, WA 98003",47.3047766,-122.3128053,Korean,24
B Bop Fusion Rice Bar,"18623 Hwy 99 Ste 140 Lynnwood, WA 98037",47.8300735,-122.3058622,Korean,25
Seoul Kitchen,"401 Pine St Downtown Seattle, WA 98101",47.6118256,-122.3369905,Korean,18
Palace Korean Bar & Grill,"31525 20th Ave S Federal Way, WA 98003",47.3189958,-122.308632,Korean,238
Peking Wok,"12816 SE 38th St Ste K Bellevue, WA 98006",47.576405,-122.1686828,Korean,85
Bogul Bogul Cafe,"33320 Pacific Hwy S Federal Way, WA 98003",47.3024744,-122.3127799,Korean,26
Kraken Congee,"88 Yesler Way Pioneer Square Seattle, WA 98104",47.6018837,-122.3350401,Korean,37
Bento World,"306 Lenora St Belltown Seattle, WA 98121",47.6133994,-122.3419557,Korean,41
Girin,"501 Stadium Pl S SoDo Seattle, WA 98104",47.5980231,-122.3318331,Korean,25
Kokiri Korean Restaurant,"32703 Pacific Hwy S Federal Way, WA 98003",47.3086875,-122.3138593,Korean,121
Dae Young Palace,"33324 Pacific Hwy S Federal Way, WA 98003",47.3028864,-122.3132772,Korean,23
Shin Sung Restaurant,"1805 S 316th St Federal Way, WA 98003",47.3184736,-122.3106063,Korean,124
Yummy Teriyaki,"17218 Redmond Way Redmond, WA 98052",47.6726032,-122.1097548,Korean,184
Chung-Sol Restaurant,"14920 Hwy 99 Ste 100 Lynnwood, WA 98037",47.8625773,-122.2842289,Korean,14
Bento Factory,"3201 Rucker Ave Everett, WA 98201",47.97495,-122.210852,Korean,78
Asia Ginger Teriyaki & Roll,"4119 4th Ave S Industrial District Seattle, WA 98134",47.5666232,-122.3300773,Korean,37
Malri Hyang,"31217 Pacific Hwy S Federal Way, WA 98003",47.3220961,-122.3151319,Korean,23
2 Go Express,"6100 Evergreen Way Ste A Everett, WA 98203",47.9425042,-122.217811,Korean,5
Toi Taco,"2134 Westlake Ave Denny Triangle Seattle, WA 98121",47.6152474,-122.3497446,Korean,54
Arbor Deli,"2505 2nd Ave Belltown Seattle, WA 98121",47.6153258,-122.3484673,Korean,21
Bulgogi Korean BBQ,"15600 NE 8th St Bellevue, WA 98008",47.6187677,-122.1311564,Korean,31
BBQ Arirang,"18623 Hwy 99 S Ste 150 Lynnwood, WA 98037",47.8300735,-122.3058622,Korean,112
Cockatoo's Chicken Restaurant,"33130 Pacific Hwy S Federal Way, WA 98003",47.3043756,-122.3125889,Korean,35
Teriyaki Madness,"10600 NE 68th St Ste B Kirkland, WA 98033",47.6670346,-122.1983155,Korean,88
Hue Ky Mi Gia,"1207 S Jackson St Ste 101 International District Seattle, WA 98144",47.5988709,-122.3163755,Chinese,317
Beijing O'Chef,"206 Main St Kirkland, WA 98033",47.6765678,-122.2046824,Chinese,95
Zhu Dang,"1715 E Olive Way Capitol Hill Seattle, WA 98102",47.619553,-122.322829,Chinese,158
Black Bamboo,"2236 3rd Ave Belltown Seattle, WA 98121",47.6147582,-122.3445015,Chinese,96
Eastern Pearl,"7844 Leary Way NE Redmond, WA 98052",47.6735263,-122.122818,Chinese,199
Beijing Chinese Cuisine,"14409 Greenwood Ave N Broadview Seattle, WA 98133",47.7334908,-122.3562115,Chinese,24
Yea's Wok,"6969 Coal Creek Pkwy SE Newcastle, WA 98059",47.5382119,-122.1668063,Chinese,358
Chef Liao Asian Fusion Cuisine,"6012 Phinney Ave N Phinney Ridge Seattle, WA 98103",47.6729301,-122.3540749,Chinese,194
Facing East,"1075 Bellevue Way NE Ste B-2 Bellevue, WA 98004",47.6197899,-122.2027617,Chinese,1084
Szechuan First Restaurant,"18124 E Valley Hwy Kent, WA 98032",47.4405744,-122.2204257,Chinese,219
Sichuanese Cuisine,"1048 S Jackson St International District Seattle, WA 98104",47.5992121,-122.3278251,Chinese,401
Mandarin Chef,"5022 University Way NE University District Seattle, WA 98105",47.6655566,-122.3127325,Chinese,152
Lee's Asian Restaurant,"4510 California Ave SW Junction Seattle, WA 98116",47.5624499,-122.3865595,Chinese,167
Harbor City Restaurant,"707 S King St International District Seattle, WA 98104",47.5980922,-122.3233743,Chinese,713
Din Tai Fung,"2621 NE 46th St University District Seattle, WA 98105",47.6616645,-122.2996744,Chinese,586
Lucky Chinese Restaurant,"5807 4th Ave S Georgetown Seattle, WA 98108",47.5508098,-122.329949,Chinese,50
Tsue Chong Co,"800 S Weller St International District Seattle, WA 98104",47.59769,-122.3221892,Chinese,46
Red Lantern,"520 S Jackson St International District Seattle, WA 98104",47.5994166,-122.3266258,Chinese,330
Magic Dragon,"1827 15th Ave W Interbay Seattle, WA 98119",47.6354535,-122.3770948,Chinese,74
Szechuan Chef Chinese Restaurant,"15015 Main St Ste 107 Bellevue, WA 98007",47.6082629,-122.1415084,Chinese,362
Dumpling Generation,"23830 Hwy 99 Ste 115 Edmonds, WA 98026",47.7830909,-122.3445963,Chinese,90
Fortune Noodle House,"4004 NE 4th St Ste 102 Renton, WA 98056",47.4889562,-122.1654796,Chinese,104
Twins Garden Asian Restaurant,"10007 Aurora Ave N Greenwood Seattle, WA 98133",47.7017461,-122.344978,Chinese,201
New China Express,"2809 Thorndyke Ave W Magnolia Seattle, WA 98199",47.6453194,-122.3831361,Chinese,68
Noodle Zone,"400 Pine St Downtown Seattle, WA 98101",47.6115023,-122.3372728,Chinese,78
Uptown China Restaurant,"200 Queen Anne Ave N Lower Queen Anne Seattle, WA 98109",47.6199406,-122.3564793,Chinese,205
Fu Shen,"9019 Aurora Ave N Greenwood Seattle, WA 98103",47.6947859,-122.3448583,Chinese,98
Great China Restaurant,"13501 100th Ave NE Kirkland, WA 98034",47.7211792,-122.2084637,Chinese,122
Mike's Noodle House,"418 Maynard Ave S International District Seattle, WA 98104",47.598633,-122.3248291,Chinese,589
Shodai Teriyaki,"1123 Martin Luther King Jr Way Central District Seattle, WA 98122",47.6122236,-122.296547,Chinese,27
Fu Man Dumpling House,"14314 Greenwood Ave N Bitter Lake Seattle, WA 98133",47.7329013,-122.3551098,Chinese,358
Spicy Talk Bistro,"16650 Redmond Way Redmond, WA 98052",47.673385,-122.118117,Chinese,283
Ping's Dumpling House,"508 S King St International District Seattle, WA 98104",47.5985628,-122.3272032,Chinese,188
Cafe Happy,"102 Kirkland Ave Kirkland, WA 98033",47.6756791,-122.2063634,Chinese,99
Young's Restaurant,"9413 16th Ave SW Westwood Seattle, WA 98106",47.5198015,-122.3547811,Chinese,50
Mr & Mrs Wok,"10000 Holman Rd NW Greenwood Seattle, WA 98177",47.7016405,-122.3615802,Chinese,117
King Noodle,"615 S King St International District Seattle, WA 98104",47.5982441,-122.3256189,Chinese,205
Imperial Wok,"22833 Bothell Everett Hwy Ste 101 Bothell, WA 98021",47.7907685,-122.2158412,Chinese,64
Chiang's Gourmet Restaurant,"7845 Lake City Way NE Mapleleaf Seattle, WA 98115",47.6863707,-122.3143312,Chinese,288
Fortuna Cafe,"711 S King St International District Seattle, WA 98104",47.5981161,-122.3231805,Chinese,41
Chopstix Chinese Restaurant,"5905 California Ave SW Seaview Seattle, WA 98136",47.5501554,-122.3874025,Chinese,62
Kau Kau Barbeque,"656 S King St International District Seattle, WA 98104",47.5985325,-122.3248491,Chinese,503
Golden City,"5518 20th Ave NW Ballard Seattle, WA 98107",47.669218,-122.3818297,Chinese,100
Julie's Garden,"81 Yesler Way Pioneer Square Seattle, WA 98104",47.6015644,-122.3351543,Chinese,117
King Wha Restaurant,"605 SW 152nd St Burien, WA 98166",47.466554,-122.342293,Chinese,80
Mandarin Kitchen,"22612 7th Ave S Des Moines, WA 98198",47.398858,-122.3252669,Chinese,72
Regent Bakery & Cafe,"1404 E Pine St Ste CU Capitol Hill Seattle, WA 98122",47.625305,-122.3221835,Chinese,182
Rainier Restaurant & BBQ,"6400 Martin Luther King Jr Way S Brighton Seattle, WA 98118",47.545222,-122.28471,Chinese,225
Din Tai Fung,"700 Bellevue Way NE Ste 280 Bellevue, WA 98004",47.6164098,-122.2012735,Chinese,1892
Gourmet Noodle Bowl,"707 8th Ave S International District Seattle, WA 98104",47.59636,-122.3227842,Chinese,213
Ballard Mandarin,"5500 8th Ave NW Ballard Seattle, WA 98107",47.6689053,-122.3659346,Chinese,68
Chen's Village,"544 Elliott Ave W Lower Queen Anne Seattle, WA 98119",47.6244514,-122.365054,Chinese,157
Chungee's Drink 'N Eat,"1830 12th Ave Capitol Hill Seattle, WA 98122",47.6185964,-122.3166964,Chinese,116
Canton Wonton House,"608 S Weller St International District Seattle, WA 98104",47.5976839,-122.3259055,Chinese,154
San Wok Express,"20710 108th Ave SE Kent, WA 98031",47.4164184,-122.1964309,Chinese,30
Little Ting's Dumplings,"14411 Greenwood Ave N Broadview Seattle, WA 98133",47.7335748,-122.3562065,Chinese,49
Sahm Gook Jih Palace,"21619 Hwy 99 Ste J Lynnwood, WA 98036",47.8026589,-122.3284361,Chinese,59
Jade Garden,"424 7th Ave S International District Seattle, WA 98104",47.5985508,-122.323422,Chinese,895
Sichuanese Cuisine,"15005 NE 24th St Redmond, WA 98052",47.6312152,-122.1402841,Chinese,216
Hong Kong Seafood Restaurant,"9400 Rainier Ave S Rainier Beach Seattle, WA 98118",47.5198752,-122.2649394,Chinese,124
Seven Stars Pepper Szechuan Restaurant,"1207 S Jackson St International District Seattle, WA 98144",47.5988709,-122.3163755,Chinese,280
Fortune Garden,"424 Maynard Ave S International District Seattle, WA 98104",47.5984975,-122.3248681,Chinese,54
Alta Healthy Cafe,"Totem Lake Hotel 12233 NE Totem Lake Way Kirkland, WA 98034",47.712289,-122.176244,Chinese,33
Zen Noodle & Cafe,"4537A University Way NE University District Seattle, WA 98105",47.6623684,-122.3132785,Chinese,48
Judy Fu's Snappy Dragon,"8917 Roosevelt Way NE Mapleleaf Seattle, WA 98115",47.6936207,-122.3178863,Chinese,486
663 Bistro,"663 S Weller St International District Seattle, WA 98104",47.5973382,-122.3245364,Chinese,249
Beijing Duck Palace,"12121 Northup Way Ste 205 Bellevue, WA 98005",47.6302075,-122.1786515,Chinese,47
Qin,"22315 Hwy 99 Ste H Edmonds, WA 98026",47.7964838,-122.3333407,Chinese,109
Teriyaki Bowl,"718 Taylor Ave N Lower Queen Anne Seattle, WA 98109",47.625971,-122.3457562,Chinese,41
Szechuan Noodle Bowl,"420 8th Ave S International District Seattle, WA 98104",47.5974587,-122.3224392,Chinese,234
Bing of Fire,"Downtown Seattle, WA",47.6062095,-122.3320708,Chinese,17
Grand Peking,"1706 S 320th St Ste L Federal Way, WA 98003",47.3159635,-122.3112622,Chinese,121
Monsoon Restaurant,"615 19th Ave E Capitol Hill Seattle, WA 98112",47.6248584,-122.3076764,Chinese,334
Mee Sum Pastry,"1526 Pike Pl Downtown Seattle, WA 98101",47.6088254,-122.3407282,Chinese,358
Nori Presto,"12354 15th Ave NE Seattle, WA 98125",47.7191714,-122.3121631,Chinese,68
Dough Zone Dumpling House,"15920 NE 8th St Ste 3 Bellevue, WA 98008",47.6174721,-122.127837,Chinese,279
Honey Court Seafood Restaurant,"516 Maynard Ave S International District Seattle, WA 98104",47.5978612,-122.3247447,Chinese,304
Happy Garden Chinese Restaurant,"14301 Ambaum Blvd  SW Burien, WA 98166",47.4743869,-122.3477738,Chinese,66
New Teriyaki & Wok,"6540 California Ave SW Gatewood Seattle, WA 98136",47.5437579,-122.3866728,Chinese,36
Tofu 101,"12816 SE 38th St Ste G Bellevue, WA 98006",47.576405,-122.1686828,Chinese,87
Bamboo Village,"4900 Stone Way N Wallingford Seattle, WA 98103",47.6645641,-122.3402389,Chinese,171
Hong Kong Bistro,"511 Maynard Ave S Ste C International District Seattle, WA 98104",47.5979912,-122.325344,Chinese,266
Best Wok,"19 148th Ave NE Bellevue, WA 98007",47.6102858,-122.1435264,Chinese,85
Wonton Noodle House,"22315 Hwy 99 Ste E Edmonds, WA 98026",47.7964838,-122.3333407,Chinese,132
Yen Wor Village,"2300 California Ave SW Admiral Seattle, WA 98116",47.582872,-122.3862441,Chinese,71
Yummy Cafe,"4008 NE 55th St Seattle, WA 98105",47.6687223,-122.2842618,Chinese,74
Teriyaki & Wok,"324 Broadway Ave E Capitol Hill Seattle, WA 98102",47.6222225,-122.3205609,Chinese,71
Canton Noodle House,"506 12th Ave S International District Seattle, WA 98144",47.5980627,-122.317014,Chinese,42
JB Garden,"10410 Greenwood Ave N Greenwood Seattle, WA 98133",47.7048588,-122.3549209,Chinese,89
Yumbit,"4311 University Way NE University District Seattle, WA 98105",47.6601895,-122.3134455,Chinese,40
Shanghai Garden,"524 6th Ave S International District Seattle, WA 98104",47.5976806,-122.3261093,Chinese,243
Green Valley Restaurant,"21226 84th Ave S Kent, WA 98032",47.4109465,-122.2274367,Chinese,46
Wong's Kitchen,"9400 35th Ave NE Wedgwood Seattle, WA 98115",47.696933,-122.290172,Chinese,51
Lotus Asian Kitchen & Lounge,"901 Madison St First Hill Seattle, WA 98104",47.6084814,-122.3271191,Chinese,85
Ikiiki,"6512 NE Bothell Way Kenmore, WA 98028",47.7589502,-122.2529794,Chinese,88
China Village,"3224 NE 45th St Seattle, WA 98105",47.6613985,-122.2913013,Chinese,42
Saigon Deli,"4142 Brooklyn Ave NE University District Seattle, WA 98105",47.6581336,-122.3140377,Chinese,106
Golden Daisy Restaurant,"2518 Beacon Ave S Beacon Hill Seattle, WA 98144",47.5805124,-122.3130881,Chinese,27
Ho Ho Seafood Restaurant,"653 S Weller St International District Seattle, WA 98104",47.5973354,-122.324818,Chinese,192
Shanghai Cafe,"12708 SE 38th St Bellevue, WA 98006",47.5767295,-122.1702919,Chinese,131
